:020000040800F2
:10000000B81000206D020008E1720008FD630008CE
:10001000E56B000805040008199B000800000000BB
:10002000000000000000000000000000797B0008D4
:10003000E1060008000000001D7500087D7B000837
:1000400089020008890200088902000800000000F7
:1000500089020008890200088902000800000000E7
:1000600089020008890200080000000089020008D7
:100070008902000889020008890200088902000834
:100080008902000889020008890200088902000824
:100090008902000889020008890200088902000814
:1000A000890200088902000889020008B1090008D5
:1000B00089020008890200088902000889020008F4
:1000C00089020008890200088902000889020008E4
:1000D0000000000089020008890200088902000867
:1000E00089020008890200088902000889020008C4
:1000F0008902000889020008890200080000000047
:100100000000000089020008890200088902000836
:100110008902000889020008890200088902000893
:100120008902000889020008519900085D990008B9
:100130006999000800000000000000008902000822
:10014000890200080000000000000000000000001C
:10015000000000000000000089020008000000000C
:100160000000000000000000890200088902000869
:10017000000000000000000000000000000000007F
:10018000000000000000000000000000000000006F
:10019000000000000000000000000000000000005F
:1001A0000000000000000000890200088902000829
:1001B00089020008890200088902000889020008F3
:1001C0008902000889020008000000000000000009
:1001D000000000000000000000000000890200088C
:1001E000890200080000000000000000000000007C
:1001F00000000000000000000000000000000000FF
:1002000000000000890200088902000800000000C8
:10021000000000008902000800000000000000004B
:10022000000000000000000000000000890200083B
:10023000890200080000000000000000000000002B
:10024000000000000000000000000000890200081B
:100250008902000889020008DFF80CD000F08EF84F
:100260000048004761A70008B810002007488047F1
:1002700007480047FEE7FEE7FEE7FEE7FEE7FEE78A
:10028000FEE7FEE7FEE7FEE7FEE70000597C000818
:10029000590200082DE9F05F0546002092469B4672
:1002A00088460646814640241BE02846414647468C
:1002B000224600F053F853465A46C01A914110D3D3
:1002C00011461846224600F03AF82D1A67EB01084D
:1002D0004F4622460120002100F031F817EB0009BB
:1002E0004E41201EA4F10104DFDC484631462A4677
:1002F0004346BDE8F09F40EA01039B0703D009E0B5
:1003000008C9121F08C0042AFAD203E011F8013B01
:1003100000F8013B521EF9D27047D2B201E000F85A
:10032000012B491EFBD270470022F6E710B5134699
:100330000A4604461946FFF7F0FF204610BD202A62
:1003400004DB203A00FA02F1002070479140C2F12C
:10035000200320FA03F3194390407047202A04DB5E
:10036000203A21FA02F00021704721FA02F3D0402E
:10037000C2F1200291400843194670471CB5094854
:100380000090094801900546009C06E0E06840F0B6
:10039000010394E8070098471034AC42F6D3FFF706
:1003A0005FFF00004CB500086CB5000870B58C18F4
:1003B00010F8015B15F0070301D110F8013B2A1179
:1003C00006D110F8012B03E010F8016B01F8016B66
:1003D0005B1EF9D12B0705D40023521E0DD401F862
:1003E000013BFAE710F8013BCB1A921C03E013F82B
:1003F000015B01F8015B521EF9D5A142D8D3002060
:1004000070BD0000FEE70000F0B581B040F2483555
:10041000C2F20005687A0121E97178B940F2282119
:10042000C2F200010978032908D001F0B1FA0121D4
:1004300069720021C5E9121002E000BF00285CD0FB
:1004400040F65414C2F2000440F2EC1004F1200211
:10045000C2F20000214606F0C7FBA96C40F2344707
:100460000128C2F200071FD1D7E90702638D801A65
:10047000A28D984292B24FF0000338BF0123904200
:100480004FF0000238BF0122E68D1340B6B20022C1
:10049000B0424FF0000638BF0126002903EA0601EA
:1004A00004D0D1B11BE000BFC9B926E0638E9BB276
:1004B000984238BF0122114001290ED1A18E8842F5
:1004C0000BD2E18E884208D2618F884205D2A18F7B
:1004D000884202D2E18F88420FD30120A86401F044
:1004E00057FAE96CFA6A401A0121696482424FF0B6
:1004F0000001A5F80710697202D101B0F0BD00BF7C
:10050000F86201B0BDE8F0400AF0B2BB2DE9F0435B
:10051000D2F800C0D0F808E0002953D0BEF1000F97
:100520004FF0000464D04FF6FC7311EA03094FF05A
:1005300000074FF0000300F0B58005684FF6FC732C
:100540002B40BEF1020F4FF0010455D34B4553D061
:100550004FF6FF7425EA040605274FF6FC7800BF26
:1005600046EA030454F82C50FC1E744505EA0805BD
:100570004ED24D454CD046EA050353F82C30BC1EF4
:10058000744503EA08031AD24B4518D046EA03041F
:1005900054F82C507C1E744505EA080538D24D45A8
:1005A00036D046EA050353F82C30774503EA0803B2
:1005B00007F1040402D24B452746D1D1043C1F4623
:1005C0002B466FE0BEF1000F1AD004684FF6FC75A1
:1005D000BEF1010304EA050716D04FF6FF75AC43E0
:1005E000AEF10205032D03F0030813D230E000BF83
:1005F0000027002356E000BF1F46002352E000BF43
:1006000000230027002456E00124002353E000BF0C
:100610002F4647E023F003054FF6FC7644EA070334
:1006200053F82C30043D03EA060343EA040353F86D
:100630002C3003EA060343EA040353F82C3003EAA0
:10064000060344EA030757F82C7007EA0607E5D1CA
:100650003D46B8F1000F24D044EA050353F82C605E
:100660004FF6FC73B8F1010F06EA030604D1744695
:1006700037462B4616E000BF44EA060555F82C50D5
:10068000B8F1020F03EA050304D174461F4633464E
:1006900008E000BF1C4354F82C404FF6FC7504EAF8
:1006A0000507744639B14FF6FC7631408F421CBFC6
:1006B0000120BDE8F0834088946043EA004147EAA6
:1006C00000435160D36053F82C1029B14FF6FC73EE
:1006D00000041940084310610020BDE8F0830000C9
:1006E000704700002DE9F04F81B040F24839C2F266
:1006F0000009D9F82C00002854D109F150042046F3
:1007000009F0CCFF40B940F23441C2F20001B9F81F
:1007100050008969814240D3D9F82C00002841D18A
:10072000204609F0BBFF40B940F23441C2F200015B
:10073000B9F85000896981422FD3D9F82C0088BBC1
:10074000204609F0ABFF40B940F23441C2F200014B
:10075000B9F85000896981421FD3D9F82C0008BB31
:10076000204609F09BFF40B940F23441C2F200013B
:10077000B9F85000896981420FD3D9F82C0088B9A3
:10078000204609F08BFF68B940F23441C2F2000103
:10079000B9F850008969814204D2C9F824000120C7
:1007A000C9F82C00D9F8301051B1D9F82C00012823
:1007B0004FF0000008BF01295ED001B0BDE8F08F06
:1007C00040F61414C2F2000440F2EC1840F2645AED
:1007D00000264FF6147704F1200BC2F20008C2F293
:1007E000000A0025404621465A4606F0FDF9012838
:1007F00039D1208EB8423ABFCAF820000136002015
:10080000618EB9423EBFCAF8241008440136A18E59
:10081000B9423EBFCAF8281008440136E18EB942F9
:100820003EBFCAF82C1008440136218FB9423EBFA2
:10083000CAF8301008440136618FB9423EBFCAF889
:10084000341008440136A18FB9423EBFCAF83810AF
:1008500008440136E18FB9423EBFCAF83C10084453
:100860000136012E1CDAD9F8301000299DD101354E
:10087000FF2DB7D199E700BF002189F8041089F84E
:100880000610C9E90B1140F200010120C2F200017B
:100890000622C9F820000A6001B0BDE8F08F00BF51
:1008A000B0FBF6F00121C9F828000020C9F830108B
:1008B00089F8050079E7000040F22820C2F2000024
:1008C00001780139032988BF7047DFE801F0030789
:1008D000030B00BF01218160C1607047002181606E
:1008E000C1607047016940F234434A1CC2F2000300
:1008F000DB6A02614CF6CD42CCF6CC42A3FB02236C
:10090000B1EBD30F4FF000014FF0010238BF0121CE
:100910008260C1607047000072B600BFFEE7000051
:1009200070B542F220060446C4F2020601F030F827
:10093000316811F00B0F20D0B4B30546601C11D103
:10094000306810F00B0F18D0306810F00B0F14D077
:10095000306810F00B0F10D0306810F00B0FEFD193
:100960000BE000BF01F014F8401BA04284BF03203D
:1009700070BD306810F00B0FF4D1306810F41E0019
:100980000AD040F20021C2F200014A6802434A60E4
:100990003061012070BD00BF3068C00344BF4FF418
:1009A00080303061002070BD00F0F2FF032070BD88
:1009B00040F2C850C2F2000000F0FEBB00284FF029
:1009C000010218BF002901D110467047B0B5D0E927
:1009D00004C2C369D0F818E01A43C36B1A4342EA51
:1009E0000C0242EA0E020A6003789B0616D5D0E993
:1009F00009C34FF07C75D0F82CE0846B05EB0353F2
:100A00004FF47C7505EB0C1503F07C7344EA0E047F
:100A100005F47C7523432B431A430A604268036B39
:100A200040F2FF252A401A434A60C368B3F5007FAD
:100A300005D0B3F5806F04D10578AD0601D51A4312
:100A40004A60436B1A434A60436C43B1856C046C43
:100A500005F03F0544EA05452A431A434A60B0F8C9
:100A6000683040F2000C8B600278C0F2FF7C920785
:100A700022D5C56C4FF080540CEB054505EA0C05FA
:100A80002B438B60056D04EAD5054FF000542B44D1
:100A90008B60456D04EA95054FF080442B448B60D4
:100AA000856D04EA55052B448B60C56DB5F1FF3F9C
:100AB000DCBF03F100438B60036ECB60436E0B61C0
:100AC00003789B0702D4142323E000BF036D0CF1CD
:100AD000C052002B48BF5B426FF35F334B61456DE3
:100AE0002C04002D48BF05FB02F422401A434A6142
:100AF000836D0CF17844002B48BF5B429AB28A6147
:100B0000C36D1D04002B48BF03FB04F52A431C23BF
:100B10008A610022CA50006883074FF4E06358BF1F
:100B20004FF4A06318430862BDE8B0401046704718
:100B3000B0B5044600F02CFF002C04BF0120B0BD6E
:100B400000210546206884F84C10022184F85410D6
:100B5000416941F00601416120684169C9070BD034
:100B600000F016FF401B0528F6D9012003221021B2
:100B7000A16584F85420B0BD4FF6B072D4E90E13CD
:100B8000CBF6FD7202446FF01F0505EBF215194319
:100B9000082D03D34FEAF212072A01D8226C114321
:100BA000426922F443021143416100210164626CF5
:100BB000426441F24F32C4F2020290428164C16445
:100BC00001650DDC40F25031C4F20201884213D0BD
:100BD00040F2D031C4F2020188420DD00FE000BFD4
:100BE00041F2D031C4F20201884205D041F25031C5
:100BF000C4F20201884202D10021416581650021D1
:100C0000C167A06C012220650020A16584F85420F2
:100C1000B0BD000000284FF0010318BF002A01D129
:100C2000184670474369012B04D104210123016157
:100C3000184670472DE9F04186B0036842EA010783
:100C40000E461F43002908BF1646002B18BF1E463C
:100C50007740B7F5803F09D253B193F8206051B186
:100C600091F82070BE4206D028E000BF052126E0A2
:100C700029B191F8206092F82070BE421ED102275F
:100C8000077300270761176A00247E08CFF6010466
:100C900066F3596407F0020766F39A6407F10505E5
:100CA000A3B1E9B1904601AA019506460F46FFF7A8
:100CB0002DFCE8B10620306102E000BF0421016193
:100CC000012306B0BDE8F04118467047E1B14FF688
:100CD000FC731A402243016041F82520022124E0E0
:100CE0004FF6FC711940214342F8251002601AE0CA
:100CF0000399B268304691420AD1416861B14FF61A
:100D0000FC721140214305E0026001210DE000BFAB
:100D100057F8251048F825104FF6FC7101EA080134
:100D2000214347F8251081680131816000230121AA
:100D30000361017306B0BDE8F0411846704700003A
:100D400000284FF0010218BF002901D1104670475A
:100D500090F8542090F85430022B18BF052A07D180
:100D600040218165002180F84C100120704700BFB0
:100D70000A7B022A04D101220A611046704700BF93
:100D8000026841F24F33C4F202039A4208DC40F297
:100D90005033C4F202039A420ED040F2D03307E03F
:100DA00041F25033C4F202039A4205D041F2D033EB
:100DB000C4F202039A420DD1036D4A68812B03D11C
:100DC00022B1416700207047002AFAD00420086150
:100DD000012070470A6892F820209207ECD5032082
:100DE0000861012070470000002804BF01207047FF
:100DF000016839B142684AB18A4204BF0020704795
:100E000007E000BF02210161012070474269012A09
:100E100004D1042101610120704700BFF0B5022216
:100E20000273002202610A6A40F2000E5308CFF6F4
:100E3000010E63F3596E02F00202856863F39A6E45
:100E4000531D4FF6FC72002D01EA020C47D0012D14
:100E500002D1654643E000BF4FF6FF726E1EAC1E26
:100E600021EA0202032C06F0030401D265461EE0CB
:100E700026F003064FF6FC77654600BF154355F88C
:100E80002350043E05EA070545EA020555F82350BC
:100E900005EA070545EA020555F8235005EA070566
:100EA00045EA020555F8235005EA0705E6D1B4B135
:100EB000154355F823504FF6FC76012C05EA06053C
:100EC0000DD0154355F82350022C05EA060506D02F
:100ED0002A4352F823204FF6FC7402EA04054FF629
:100EE000FF7221EA02022A434EEA0C074160002108
:100EF00042F823700161012101730020F0BD000060
:100F0000002804BF0120704780B5D0F874E0BEF11E
:100F1000000F54D090F8541002680129D2F814C080
:100F200004D0022946D11CF4803143D090F85410EB
:100F3000012935D190F84C1001294FF0020134D02D
:100F4000012380F84C3080F854108EF80C100021EA
:100F50008165CEF81010516941F4BA415161416E7A
:100F600019B1516941F400715161006F18B15069B4
:100F700040F400505061DEF800000023016ACFF613
:100F80000103490861F3596361F39A634FF6FF71F6
:100F900020EA010111604FF6FC7108401844D06747
:100FA0005069002140F001005061BDE880400846D2
:100FB000704700BF40218165002180F84C1001215D
:100FC000BDE8804008467047B0B5044600F0E0FC3C
:100FD000002C04BF0120B0BD054694F8540002283F
:100FE00024D12068416941F004014161052084F861
:100FF000540000BF2168086980041FD400F0C8FCB9
:10100000401B0628F6D3A06D40F01000A065032019
:1010100084F8540094F8500000064FF0010001D508
:10102000616F0873002184F84C10B0BD2020A065CA
:101030000120002184F84C10B0BD00BF4869012296
:1010400040F002004861042084F854004FF4FE4050
:10105000C86084F8542094F8500000064FF0000057
:10106000E0D5636F1A738864002184F84C10B0BD1A
:1010700080B190F8541002290AD1042180F854104C
:10108000006842F204024169114341610020704747
:101090002021816501207047024600284FF00100A1
:1010A00008BF7047CB0612D5136840F6FF7223EADB
:1010B000020203F57B63C3F3C41301F011019840EE
:1010C0001129516814BF21EA000008435060002034
:1010D0007047000070B5044600F05AFC002C04BFB5
:1010E000012070BD0546206840F6FF71426920EA84
:1010F000010642F00601416120684169C9070BD031
:1011000000F046FC401B0628F6D31020A065032003
:1011100084F85400012070BD41F24F31C4F2020145
:1011200088424FF0000101604161016441648164C3
:10113000C1640165C1670DDC40F25031C4F20201A7
:10114000884213D040F2D031C4F2020188420DD05F
:101150000FE000BF41F2D031C4F20201884205D055
:1011600041F25031C4F20201884202D100214165AE
:10117000816500F57B61C1F3C4110122736802FA35
:1011800001F123EA010171604FF4FE41C160E16D9C
:101190000020C4E91800C4E91A002067002960672C
:1011A00018BFE0652065A06584F8540084F84C0001
:1011B00070BD0000806D704710B504680C23214697
:1011C00004F57B6263F30B01C2F3C4120968D140DA
:1011D000C9074BD02169490544BF61695FEA4151A4
:1011E00046D42169090544BF61695FEA015147D4CA
:1011F0002169C90444BF61695FEAC14148D42169DA
:10120000490444BF61695FEA414149D421698905C4
:1012100044BF61695FEA81514AD42169890444BFAE
:1012200061695FEA81414FD42169C90544BF6169A1
:101230005FEAC15164D4816DC1B101684A6942F06D
:1012400002024A61012180F8541090F850201206E1
:1012500044BF426F1173816E0022002980F84C2038
:1012600008BF10BDBDE81040084700BF10BD00BF5B
:101270004FF48061E160816D41F001018165B0E76B
:101280004FF40061E160816D41F002018165AFE7DB
:101290004FF48051E160816D41F004018165AEE75A
:1012A0004FF48041E160816D41F008018165ADE757
:1012B0004FF40071E160426E002AAED004469047C0
:1012C00020462468A9E700BF4FF40051E16090F880
:1012D000541004291ED16169012221F40051616179
:1012E000616941F00201616180F8542090F850106A
:1012F000090603D5416F0A730021A164C16EABE7F3
:1013000090F85010090611D4A16CD9B900F154021B
:1013100016E000BF052180F85410026F002A3FF448
:1013200083AF04469047204624687DE7E16F49B9C2
:10133000A16C39B9012180F85410416F01F10C0200
:10134000012111704FF44071E160016E002200290B
:1013500080F84C203FF46FAF0446884720466AE788
:1013600000284ED090F84CC0BCF1010F04BF022001
:1013700070474FF0010C80F84CC090F854C0BCF19D
:10138000010F39D110B54FF0020C80F854C04FF066
:10139000000CC0F858C0D0F800C0D0F864E0DCF809
:1013A0004840BEF1000FC3EA0403CCF848304FF4C4
:1013B000FE43CCF80C30CCF84C10CCF85020DCF8C4
:1013C000141041F4BA41CCF8141005D0DCF8141014
:1013D00041F40071CCF81410006F28B1DCF814004F
:1013E00040F40050CCF81400DCF8140040F0010088
:1013F000CCF81400002010BD40218165002180F848
:101400004C10012070470000B0B5044600F0C0FA4F
:10141000054640F23400C2F200000078611C18BF9B
:10142000044400BF00F0B4FA401BA042FAD3B0BDA0
:101430002DE9F04F81B040F2002BC2F2000B9BF877
:101440000020012A02BF022001B0BDE8F08F04464F
:1014500001208BF8000000254FF47A708946CBF804
:101460000450FFF75DFA28B18BF8005001B0BDE8D9
:10147000F08F00BF206848F2080220F0004142F2DD
:1014800028079142C4F20207CBF8080008D160682F
:1014900000F00301032937D148F2200043E000BFE8
:1014A0004FF0FF30C9F80000D4E9026030448642B2
:1014B00042D24FF6D77A4EF23F08C7F6FF7AB5010F
:1014C000C7F6FF786068414610F00100386808BF31
:1014D0006FF4FE514FF0240200EA010038603868D2
:1014E00008BF0AF14D022843104338604FF47A7068
:1014F000FFF716FA10BBD4E9020101364035084463
:101500008642DFD300201BE0C1074FF6D771C7F634
:10151000FF7104D03A680A4042F028023A6080071E
:1015200004D501F151003968084338604FF47A70EE
:10153000FFF7F6F905E000BF002002E0C9F80060FF
:10154000002521684FF000423B6862EA0101194022
:1015500039608BF8005001B0BDE8F08F42F22800EE
:10156000C4F20200016841F001010160006801213C
:1015700021EA0000704700002DE9F04381B040F2FD
:1015800000298046C2F20009002042F220041646DB
:101590000D46C4F20204C9F8040000F0F9F921680C
:1015A00011F00B0F0AD0074600F0F2F9C01BB0F59E
:1015B0007A7F11D8206810F00B0FF5D1206810F455
:1015C0001E000DD0D9F804100143C9F804102061A1
:1015D000012001B0BDE8F083032001B0BDE8F08335
:1015E0002068C00344BF4FF48030206128F00040E1
:1015F0000228C9F8088017D1A06840F00200A06056
:10160000EFF3108072B63168296071686960B16863
:10161000A960F168E96080F3108800F0B9F92168E9
:1016200011F00B0F0CD117E0A06840F00200A06091
:101630003088288000F0ACF9216811F00B0F0BD036
:10164000054600BF00F0A4F9401BB0F57A7F0FD823
:10165000206810F00B0FF5D1206810F41E0109D09E
:10166000D9F804000843C9F80400012009E000BFCC
:10167000032007E02068C0034FF0000002D54FF4BC
:10168000803121614FF02041A26861EA08011140D8
:10169000A16001B0BDE8F08342F20400C4F2020090
:1016A000416AC90704BF0020704740F22311C4F209
:1016B0006751016048F6AB11CCF6EF510160406A0A
:1016C00000F0010070470000002908BF70472DE9B5
:1016D000F04F82B047F67F72C0F22F0202EA9022EA
:1016E0004FF0000C019200F1200200270025002499
:1016F00000922BE00368032202FA07F943EA090388
:1017000003606FF0030202EA5403009E0CF01C0E0B
:1017100056F803800F2202FA0EF228EA0202F25073
:10172000826822EA09028260426822EA0B02426071
:10173000C26822EA0902C260013431FA04F205F1FA
:10174000080507F102070CF1040C3BD0012202FA54
:1017500004FB1BEA0109EFD042F20002C4F202428C
:1017600002F1600824F0030605F0180A0F2258F869
:10177000066002FA0AFE019A06EA0E0602FA0AF367
:101780009E42B7D142F20002C4F20242D2F8803047
:10179000A60823EA0903C2F88030D2F8843023EA8D
:1017A0000903C2F88430136823EA090313605368FD
:1017B00023EA0903536058F8263023EA0E0348F859
:1017C000263097E702B0BDE8F04F70472DE9F04FA3
:1017D00083B00D68002D00F0C38047F67F7300F1E1
:1017E0002002C0F22F03029203EA902200234FF05E
:1017F000010A0027002400260092019010E000BF9B
:10180000BCF1030F5BD100BF0D68013635FA06F25B
:1018100004F1040407F1020703F1080300F0A080BB
:101820000AFA06F815EA080BEED0D1F804C04CF01D
:101830001002122A1ED16FF0030202EA560A029A1F
:10184000584652F80AC0D1F810E0934604F01C053F
:101850000F2202FA05F90EF00F022CEA090CAA4039
:1018600042EA0C024BF80A2083460198D1F804C0E2
:101870004FF0010A02680325BD406FEA0509AA433B
:101880000CF00305BD402A43BCF1120F026016D8CC
:101890000AFA0CF212F0061FB2D08268CD6802EA92
:1018A0000902BD402A43826042684FEA1C1522EAC1
:1018B0000802B5402A43BCF1030F4260A4D0C268BD
:1018C0008D6802EA0902BD402A435FEACC05C26086
:1018D0009AD542F2000826F00302C4F2024808EB4F
:1018E000020EDEF860C003F018050F22AA402CEAB1
:1018F000020C009A02FA05F54CEA0502CEF86020C7
:10190000D8F800C0D1F804E04CEA0B025FEACE251B
:1019100058BF2CEA0B02C8F80020D8F804C05FEAD0
:101920008E224CEA0B0558BF2CEA0B05C8F8045070
:10193000D8F884C05FEA8E324CEA0B0558BF2CEA17
:101940000B05C8F88450D8F880C05FEACE324CEA64
:101950000B0558BF2CEA0B05C8F8805054E700BFB0
:1019600003B0BDE8F08F00000069084018BF0120F7
:1019700070470000426902EA0103914341EA0341D2
:10198000816170471823002A08BF2823C15070477F
:1019900040F6B040C2F200000068704790F8412065
:1019A000202A03D190F84020012A01D1022070475B
:1019B000242280F841200268136823F00103136099
:1019C000136823F48053136013681943116011687E
:1019D00041F001011160202180F84110002180F8C0
:1019E000401000207047000090F84120202A03D1C9
:1019F00090F84020012A01D102207047242280F86B
:101A000041200268136823F001031360136823F474
:101A1000706343EA01211160116841F00101116016
:101A2000202180F84110002180F8401000207047EC
:101A3000002804BF0120704710B590F8411031B95B
:101A4000002180F84010044600F084FA204624214A
:101A500080F8411090E81210C3680A68012B22F048
:101A600001020A6024F070620A618A6822F400426E
:101A70008A6003D14CF400428A6009E04CF40442CD
:101A8000022B8A6004D14A6842F4006203E000BF7E
:101A90004A6822F400624A604A6800F1100442F089
:101AA000007242F400424A60CA6822F40042CA60EE
:101AB0001CCC1A4342EA0422C369CA60026A1A4370
:101AC0000A600A6842F001020A6000212022416493
:101AD00080F84120016380F84210002010BD000012
:101AE0002DE9F04F81B0044690F84100202807D13D
:101AF0000A9F4FB10B9E3EB194F8400001280BD1D4
:101B0000022001B0BDE8F08F4FF400706064012046
:101B100001B0BDE8F08F00BF01209A4690468B4689
:101B200084F84000FFF734FF216805468A691204F3
:101B30004BD422200C9A84F8410040204FF0000939
:101B400084F84200C4F8449067626685C4F8349013
:101B5000584617466FF39F205FFA8AF24B6849F6A2
:101B60000006CFF60046834640EA024003EA06023A
:101B7000104400F500504860204639462A4604F0DB
:101B8000A9FDC0B92068BAF1010F09D04FEA1821A8
:101B90008162204639462A4604F09CFD58B92068E7
:101BA0005FFA88F181622046402100223B46009581
:101BB00004F0D6FC50B384F84090012001B0BDE899
:101BC000F08F00BF88690004B3D5204619212A464A
:101BD00004F016FC00289AD1FFF7DAFE401B2168BA
:101BE0001A28EFD388690004ECD5606C40F020001F
:101BF0006064202084F84100002084F8420084F8CA
:101C00004000012001B0BDE8F08F00BF608D40F2C0
:101C1000000ABC46B0F5807FC0F2FF1A08D32068E6
:101C20000AF5105350F8041F01EA0602FF2109E0EB
:101C3000618D2068CBB250F8042F324042EA034253
:101C40000AF592331A4342EA0B020BF100784FF087
:101C5000FF0906F580666746026021850CE000BF3B
:101C6000608D21682085C0B24A6848EA0040324051
:101C700010434860608DA8B32046042100223B46F3
:101C8000009504F06DFC00287FF441AF2068616A84
:101C9000406A0870606A218D01306062481E2085AC
:101CA000618D01396185618D0029E3D00004E1D1A6
:101CB0002046802100223B46009504F051FC00287C
:101CC0007FF425AF608DB0F5807FC9D32068A4F87C
:101CD00028904168314041EA0B0141EA0A01416024
:101CE000C8E700BF204639462A4604F0B5FC002864
:101CF0007FF40DAF20682021C16142684EF60003D9
:101D0000CFF600631A404260002084F8411084F846
:101D1000420084F8400001B0BDE8F08F2DE9F04F9B
:101D200081B0044690F84100202807D10A9F4FB1A6
:101D30000B9E3EB194F8400001280BD1022001B067
:101D4000BDE8F08F4FF400706064012001B0BDE881
:101D5000F08F00BF01209A4691468B4684F84000E0
:101D6000FFF716FE216805468A6912044DD421202A
:101D700084F8410040200C9A84F842004FF000089B
:101D80006FF39F2B5FFA8AF0C4F844806762668520
:101D9000C4F834805F464BEA004049F6004B1646D3
:101DA000CFF6004B4A68ABF580631A40104440F010
:101DB000807040F400504860204631462A4604F0C6
:101DC00089FCC0B92068BAF1010F09D04FEA192186
:101DD0008162204631462A4604F07CFC58B92068CE
:101DE0005FFA89F181622046802100223346009506
:101DF00004F0B6FB50B384F84080012001B0BDE888
:101E0000F08F00BF88690004B1D5204619212A4609
:101E100004F0F6FA002898D1FFF7BAFD401B2168BC
:101E20001A28EFD388690004ECD5606C40F02000DC
:101E30006064202084F84100002084F8420084F887
:101E40004000012001B0BDE8F08F00BF608D40F27E
:101E50000009B446B0F5807FC0F2FF1908D32068AE
:101E60004B4650F8041F01EA0B02FF210BE000BFB4
:101E7000618D2068CBB250F8042F02EA0B0242EACF
:101E800003424FF000731A433A4307F1007A4FF0D0
:101E9000FF086646026021850DE000BF608D216865
:101EA0002085C0B24A684AEA004002EA0B021043A9
:101EB0004860608D90B3204631462A4604F00AFC03
:101EC00000287FF442AF606A226810F8011B91621B
:101ED0006062608D01386085208D01382085618DBC
:101EE0000029E6D00004E4D12046802100223346B8
:101EF000009504F035FB00287FF427AF608DB0F526
:101F0000807FCBD32068A4F82880416801EA0B01C8
:101F1000394341EA09014160CBE700BF2046314621
:101F20002A4604F099FB00287FF40FAF2068202197
:101F3000C16142684EF60003CFF600631A4042606A
:101F4000002084F8411084F8420084F8400001B079
:101F5000BDE8F08FB0B5AAB0044602A8002508304D
:101F600080212995CDE92755CDE92555FEF7DCF9E6
:101F7000206845F20041C4F20001884202D02AB034
:101F8000B0BD00BF4FF40050029002A8039500F0CE
:101F9000E9FE002818BFFEF7BFFC40F68C44C4F2EF
:101FA0000244206825A940F002002060206800F06B
:101FB000020001900198C020259012202690002058
:101FC000CDE927000420299040F20040C4F202200D
:101FD000FFF7FCFB206940F400102061206900F449
:101FE0000010019001982AB0B0BD000040F20041FD
:101FF000C4F203010A68D2071CBF012070470A68B7
:1020000022F004021043086000207047B0B540F28F
:102010000045C4F203050220E860286820F00100B2
:102020002860FFF7B5FC2968C90701D10020B0BDC1
:10203000044607E02868C0071CBF0320B0BD28681D
:10204000C007F3D0FFF7A4FC001B0228F2D2F6E78A
:1020500040F20041C4F20301086840F00102002090
:102060000A607047002804BF01207047B0B50446DD
:1020700000F048F894E807004CF6CC43036045F2C2
:102080005553036041608260FFF782FC2168CA6893
:10209000920727D4206940F44042002808BF4FF43B
:1020A00080424A61FFF774FC2168CA6812070FD0AA
:1020B000054602E0C86800070AD0FFF769FC401B2C
:1020C00021682228F6D3C8680007F3D018E000BFC3
:1020D0000A69E068824206BF4AF6AA2008600861E1
:1020E0000020B0BD054602E0C8688007D2D5FFF7E2
:1020F0004FFC401B21682228F6D3C8688007F3D51F
:102100000320B0BD7047000001684AF6AA220020F3
:102110000A60704740F2340040F6B041C2F200005D
:10212000C2F2000100780A6810440860704700009D
:1021300080B5032000F0CCF801F018FB40F62041F8
:10214000C4F2024109684BF20C3201F00F01C0F6F3
:102150000002515CC84040F2D001C2F200010860A8
:10216000042001F07FFF0F2000F008F800281CBFBA
:10217000012080BD00F056F8002080BDB0B540F2CF
:102180003405C2F200052978E1B304464EF210008E
:10219000CEF200000068400710D401F0F1FF0228E1
:1021A00024D001281AD078BB40F2D000C2F200003F
:1021B000006829784FF4FA5207E000BF40F2D000DF
:1021C000C2F2000000684FF47A72B2FBF1F1B0FB8A
:1021D000F1F001F0C3FFA8B91BE000BF28784FF46D
:1021E0007A71B1FBF0F04FF4FA4106E028784FF431
:1021F0007A71B1FBF0F04FF40041B1FBF0F001F067
:10220000ADFF30B10120B0BD002001F0A7FF0028D4
:10221000F8D14FF0FF302146002200F02DF80020C9
:102220006C60B0BD70470000002848BF704700F0E8
:102230001F010122C0F34A1002FA01F14EF280128E
:10224000CEF2000242F82010BFF34F8FBFF36F8F22
:1022500070470000002848BF704700F01F010122AE
:10226000C0F34A1002FA01F14EF20012CEF200025F
:1022700042F820107047000010B54EF60C5CCEF20C
:10228000000CDCF80030C3F3022E8EF00704042C9F
:1022900028BF0424BEF103034FF0FF3E38BF0023E4
:1022A0000EFA04F4A14399400EFA03F39A43114342
:1022B00000F00F0200F160430901043A03F56443A2
:1022C0006244002848BF02F10C03197010BD0000E1
:1022D0004EF60C51CEF200010A684FF6FF031A4089
:1022E00060F30A2242F0806040F0FD7008607047A1
:1022F00007F014FC10B540F6284CC4F2024CDCF890
:102300000C20DCF800E0DCF80010C1F30523DCF859
:102310000010DCF81040002B3CD0E408C90604EAA9
:10232000E1716FF35F3100EE101A0EF003016FF3ED
:102330005F22B8EE400ADFE801F00303333900BF43
:102340005CF8281C49F20004C1F3C101C0F2D0348A
:1023500024FA01F101EE101A02EE103AB8EE411A19
:10236000B8EE422A9FED493A81EE021A02EE102A97
:1023700020EE030AB8EE422A30EE020AB7EE002A37
:1023800030EE020A20EE010A5CF8281C89012DD5E6
:1023900028E000BF0021C0E90011816010BD00BF2E
:1023A00001EE103A9FED3B2A04E000BF01EE103A27
:1023B0009FED372AB8EE411A82EE011A02EE102A7A
:1023C0009FED323AB8EE422A20EE030A30EE020ABE
:1023D000B7EE002A30EE020A21EE000A5CF8281C53
:1023E000890103D5DCF80010C90307D4002101607E
:1023F0005CF8281C890115D418E000BFDCF80C102B
:10240000C1F34621013101EE101AB8EE411A80EEF7
:10241000011ABCEEC11A11EE101A01605CF8281CFA
:10242000890103D5DCF80010890301D400210EE0F6
:10243000DCF80C10C1F30641013101EE101AB8EEC0
:10244000411A80EE011ABCEEC11A11EE101A416059
:102450005CF8281C890144BFDCF800105FEA4131B8
:1024600002D40021816010BDDCF80C10C1F30661BC
:10247000013101EE101AB8EE411A80EE010ABCEEED
:10248000C00A10EE101A816010BD00BF00000039B4
:1024900020BCBE4B0024744A10B540F62C4CC4F24C
:1024A000024CDCF81020DCF800E0DCF80010C1F38E
:1024B0000523DCF80010DCF81440002B3CD0E408C5
:1024C000C90604EAE1716FF35F3100EE101A0EF0F5
:1024D00003016FF35F22B8EE400ADFE801F0030367
:1024E000333900BF5CF82C1C49F20004C1F3C10170
:1024F000C0F2D03424FA01F101EE101A02EE103AC3
:10250000B8EE411AB8EE422A9FED493A81EE021A1E
:1025100002EE102A20EE030AB8EE422A30EE020A3A
:10252000B7EE002A30EE020A20EE010A5CF82C1CFD
:1025300009012DD528E000BF0021C0E9001181600C
:1025400010BD00BF01EE103A9FED3B2A04E000BF32
:1025500001EE103A9FED372AB8EE411A82EE011AC9
:1025600002EE102A9FED323AB8EE422A20EE030A1C
:1025700030EE020AB7EE002A30EE020A21EE000A1F
:102580005CF82C1C090103D5DCF80010C90307D442
:10259000002101605CF82C1C090115D418E000BF73
:1025A000DCF81010C1F34621013101EE101AB8EE2B
:1025B000411A80EE011ABCEEC11A11EE101A016028
:1025C0005CF82C1C090103D5DCF80010890301D448
:1025D00000210EE0DCF81010C1F30641013101EEDC
:1025E000101AB8EE411A80EE011ABCEEC11A11EEB3
:1025F000101A41605CF82C1C090144BFDCF8001083
:102600005FEA413102D40021816010BDDCF8101076
:10261000C1F30661013101EE101AB8EE411A80EEE5
:10262000010ABCEEC00A10EE101A816010BD00BF96
:102630000000003920BCBE4B0024744A80B584B031
:102640004FF6FF730246C0F21F0300209B1A70EB87
:10265000010333DA6FF060439B1A70EB0103C0F2A1
:102660006D806FF07C439B1A4FF000038B4180F22A
:102670001D8182F080630B4300F02C8282F00063A6
:102680000B4300F0E98182F08052114340F08C82CC
:1026900040F60041C4F20241D1F8E000C0F3C202AA
:1026A000042A00F2DD8248F20000C0F2BB00DFE83D
:1026B00012F0CB027702D7027B027D0241F6FF7354
:1026C0009B1A70EB01035FDA4FF6FF739B1A4FF012
:1026D00000038B4180F2BA8082F480330B4300F018
:1026E0009F8182F400330B4300F0808182F48022CA
:1026F000114340F0598240F60041C4F20241D1F842
:10270000DC00C0F302320020052A00F24D82DFE82F
:1027100012F0DB0147024B02B102B902070000BF11
:10272000D1F8E8200B6808689B0702F0404240F1AE
:102730004882002A00F0EF8243E200BF0F2940F3F5
:10274000F58081F01003134300F0DA8181F4007307
:10275000134300F0978181F48051114340F02482AB
:1027600040F60041C4F20241D1F8E40000F04060BC
:10277000B0F1806F00F0FA81002800F04B810A6808
:10278000B0F1006F5DE100BFD2F103034FF0000331
:102790008B412DDB82F001030B4300F0E78082F0D8
:1027A0000202114340F0008240F60040C4F20240B1
:1027B000D0F8D81011F0380100F08681026808299D
:1027C00003D112F0006240F04582036802681829C4
:1027D00003D113F0020340F00581202903D112F444
:1027E000007240F0A982D0F8F0002829B2E200BFC0
:1027F00082F004030B4300F0DB8082F4805211432B
:1028000040F0D28140F60040C4F20240D0F8E0101F
:1028100001F0E061B1F1807F00F01C82002900F03E
:10282000F98003680268B1F1407F03D113F002031D
:1028300040F0D880B1F1806F03D112F4007240F003
:102840007B82D0F8F000B1F1A06F83E282F40053F4
:102850000B4300F02B8182F48042114340F0A481AD
:1028600040F60040C4F20240D0F8E41001F44021E8
:10287000B1F5802F00F07A81002900F025810268EF
:102880000068B1F5002F03D112F0020240F043823C
:1028900010F400701CBF40F60010C0F23D00B1F50E
:1028A000402F18BF002004B080BD00BF82F4001389
:1028B0000B4300F0458182F00072114340F07481B7
:1028C00040F60041C4F20241D1F8F000D1F8F02006
:1028D000920700F4407203D5B2F5807F00F0E280E9
:1028E000D1F8F000000106D5B2F5007F02BF4FF429
:1028F000FA4004B080BD086880034FF0000040F14A
:102900005381B2F5407F40F04F81C86910F4785F81
:1029100000F0A681C86947F64001C0F30520C0F267
:102920007D11B1FBF0F004B080BD00BF82F0005318
:102930000B4300F0218181F00401114340F0348108
:1029400040F60040C4F20240D0F8E810006880036E
:1029500001F4407040F17281002840F06F8147F629
:102960004000C0F27D1004B080BD00BF40F60040C2
:10297000C4F20240D0F8D81011F0070100F07481C1
:102980000268012903D112F0006240F063810368FC
:102990000268032902D113F0020323D1042903D1D1
:1029A00012F4007240F0C881D0F8F0000529D1E19E
:1029B00040F60040C4F20240D0F8D81011F4E071A3
:1029C00000F082800268402903D112F0006240F0DA
:1029D000418103680268C02940F0A88113F0020316
:1029E00000F0A481C2F3C10097E100BF40F60041AE
:1029F000C4F20241D1F8DC00C0F302220020052A13
:102A000000F2D280DFE812F00600CC00D0003601E0
:102A10003E017E0104B0BDE8804000F083BE00BFEF
:102A200040F60041C4F20241D1F8E40000F04070E9
:102A3000B0F1807F00F09A80002845D00A68B0F19C
:102A4000007F4FF0000040F0AF8012F0020200F073
:102A5000AB8008685FE100BF40F60041C4F202416C
:102A6000D1F8E00000F00702042A00F2F98048F2F1
:102A70000000C0F2BB00DFE812F0E7009300F300B3
:102A80009700990040F60041C4F20241D1F8E800F5
:102A9000D1F8F02000F00800920740F1A58000284E
:102AA00040F0A2804FF4004004B080BD40F60040EA
:102AB000C4F20240D0F8E41001F44031B1F5803F97
:102AC00054D0002940F0E88004B0BDE8804000F018
:102AD000E1BD00BF40F60040C4F20240D0F8E8106B
:102AE000026801F03001920440F18C80002940F02E
:102AF000898046F60040C0F2DC2004B080BD00BFF3
:102B000040F60040C4F20240D0F8E41001F0300179
:102B1000102900F099800268202903D112F0006288
:102B200040F09880006810F400501CBF46F600404A
:102B3000C0F2DC20302918BF002004B080BD00BFE7
:102B400040F60040C4F20240D0F8E81001F007015E
:102B500002290BD0012900F0B580002940F0B8808F
:102B600004B0BDE8804000F07DBD00BF01A8FFF7C4
:102B700093FC039804B080BD40F60041C4F20241CA
:102B8000D1F8E000C0F38212042A69D848F20000AC
:102B9000C0F2BB00DFE802F0580464080A0000BF7E
:102BA00001A8FFF779FC019804B080BDD1F8E820B6
:102BB0000B6808689B0702F0404202D5002A00F02B
:102BC000AA80800503D5B2F1804F00F0B580086877
:102BD000B2F1004F00F400314FF0000004BF47F69F
:102BE0004000C0F27D1007E0D1F8F010002818BFB7
:102BF0004FF4FA4001F00061002908BF084604B014
:102C000080BD00BF0268920101D510291CD0D0F808
:102C1000F020920702D520293FF444AFD0F8F0000D
:102C2000302900F000624FF0000008BF4FF4FA4076
:102C3000002A08BF104604B080BD00BFB0F5007F79
:102C400008D0B0F5807F0BD101A8FFF753FB0298A5
:102C500004B080BD01A8FFF71FFC029804B080BD3E
:102C6000002004B080BD00BF04B0BDE8804000F08B
:102C700035BD00BFD1F8F0004FF4004101EA8030CB
:102C800004B080BDD1F8F0004FF4FA41000101EA30
:102C9000E07004B080BD00BF02680068B1F5003F7D
:102CA00002D112F0020236D110F400701CBF40F6BF
:102CB0000010C0F23D00B1F5403F18BF002004B045
:102CC00080BD00BF04B0BDE8804000F04FBD00BF34
:102CD0000268032903D112F400327FF440AE026887
:102CE0000068042902D112F0020214D110F400701D
:102CF0001CBF40F60010C0F23D00052918BF00209F
:102D000004B080BDD1F8E8200B6808689B0702F08A
:102D1000404217D5B2B9C0F3C10049F20001C0F278
:102D2000D03121FA00F004B080BD00BFB1F5807F42
:102D30000CD112F4007209D040F60010C0F23D0030
:102D400004B080BD80053FF53EAF40E7D0F8F0000D
:102D5000B1F5A07F00F002024FF0000008BF900321
:102D600004B080BD2DE9F0470446006840F62848CD
:102D7000C101C4F2024807D5D8F8C010226B21F077
:102D800040411143C8F8C010C00714D0606BC11E89
:102D9000032909D340B1012814D104F1080004F03B
:102DA00007FE054640B9606BD8F8B01021F0070166
:102DB0000843C8F8B00000252078800706D42846CC
:102DC00021E000BF012520788007F8D5A16B6FF0C6
:102DD000020000EBF1000328284609D34FEAF10175
:102DE000284629B101292FD104F1080004F0E0FDA3
:102DF000064648B9D8F8B000A16B20F03800084367
:102E0000C8F8B00000202E462178490721D5E16B93
:102E10006FF0020202EBB112032A08D34FEAB1119C
:102E200029B1012936D104F1080004F0C1FD05469D
:102E300080B9D8F8B000E16B20F4E0700843C8F81E
:102E4000B000002005E000BF0120012621784907DD
:102E5000DDD435466178C90621D5216C6FF00202B8
:102E600002EB3162032A08D34FEA316129B101290B
:102E70003CD104F1080004F09BFD064680B9D8F867
:102E8000B800216C20F0E0600843C8F8B8000020CA
:102E900005E000BF012001256178C906DDD42E467A
:102EA0006178890627D5616C6FF0010202EB31422F
:102EB000022A08D34FEA314129B1012910D104F186
:102EC000080004F075FD054660B9D8F8BC00616CD7
:102ED00020F440300843C8F8BC0000200BE000BFDD
:102EE000012001256178490609D423E0012001264B
:102EF00061788906D7D43546617849061AD5A16C20
:102F00006FF0010202EBB142022A08D34FEAB1414D
:102F100029B101292ED104F1080004F049FD06462B
:102F200048B9D8F8BC00A16C20F440200843C8F888
:102F3000BC0000202E46A178C90720D0E16C0029F2
:102F400018BFB1F1007F0BD10746C8B9D8F8BC0053
:102F5000E16C20F040700843C8F8BC0000200EE08F
:102F6000B1F1807F2CD104F1080004F021FD074667
:102F700030B9EBE701200126A178C907DED1374639
:102F80006179C90621D5216D002918BFB1F1006F03
:102F90000CD10546D0B9D8F8BC00216D20F04060B6
:102FA0000843C8F8BC0000200FE000BFB1F1806FFB
:102FB0005AD104F1080004F0FBFC054630B9EAE7F9
:102FC000012001276179C906DDD43D46D4E900120C
:102FD00040F61C47C4F20247120508D53A6822F4AD
:102FE00000423A60D4F880203B681A433A60890373
:102FF0001AD5616D6FF0020202EB3122032A08D369
:103000004FEA312129B1012932D104F1080004F03D
:10301000CFFC064648B9D8F8B400616D20F4E060F2
:103020000843C8F8B40000202E46A178490724D5EB
:10303000A16D6FF0020202EB3132032A08D34FEA8E
:10304000313129B1012929D104F1080004F0B0FC83
:10305000054698B9D8F8B400A16D20F4E0400843C3
:10306000C8F8B400002008E001200125AEE700BF49
:1030700001200126A1784907DAD43546A1788906CE
:1030800022D5616E05293BD802290DD0024690B1A8
:10309000D4E900139B051CD438E000BF01200125B2
:1030A000A1788906EDD40FE004F1080004F080FC5B
:1030B00000280246ECD1D8F8C000616E20F007006D
:1030C0000843C8F8C00000202A46D4E900139B0535
:1030D0001CD5A36E43F00806082E0BD1814660B9BB
:1030E000D8F8C00020F008001843C8F8C00000203D
:1030F0000CE000BF01204FF00109890109D462E012
:1031000001200122D4E900139B05E2D491468901F4
:1031100059D54FF60846CFF6FF768246B85940F0AB
:103120000100B851FEF734FC054600BFB859C0078E
:1031300008D1FEF72DFC401B0228F7D903200321FC
:1031400042E000BF5046BAF1000F51463CD1D8F8DA
:10315000C80010F4407017D0A16F884211D0D8F881
:10316000C800D8F8C81020F4407041F48031C8F885
:10317000C810D8F8C81021F48031C8F8C810C8F8B1
:10318000C800C00740F02A81A06F39684FF6CF739E
:1031900000F4407221F47C51C0F2FF0303EA1013E3
:1031A000B2F5407F08BF19433960D8F8C8106FF3F3
:1031B0001F3021F44071C8F8C810D8F8C81008436F
:1031C000C8F8C80000204946226853011BD5236E69
:1031D0006FF0010707EB3317022F0AD34FEA3317BB
:1031E0003FB1012F34D1D8F8007047F40037C8F848
:1031F0000070064640B9D8F8C00020F030001843EF
:10320000C8F8C00000200E46110125D5E16ECA1E87
:10321000022A09D3012913D0002949D1D8F8001076
:1032200041F40031C8F800100546B0B9D8F8B8002C
:10323000E16E20F007000843C8F8B80000200BE05A
:1032400004F1080004F0B4FB054630B9EEE700BF16
:10325000012001261101D9D43546E178C9062CD5C3
:10326000216F6FF0020202EBF102022A0BD34FEA48
:10327000F101012914D000294AD1D8F8001041F4F5
:103280000031C8F800100646C0B9D8F8B800216F60
:1032900020F038000843C8F8B80000200DE000BF57
:1032A00004F1080004F084FB064638B9EDE700BFDE
:1032B00001200125E178C906D2D42E46E17889069D
:1032C0002BD5616F6FF0020202EBB112022A0BD311
:1032D0004FEAB111012913D0002951D1D8F80010BB
:1032E00041F40031C8F800100546B8B9D8F8B80064
:1032F000616F20F4E0700843C8F8B80000200CE0CB
:1033000004F1080004F054FB054638B9EEE700BFAD
:1033100001200126E1788906D3D435462179490771
:1033200033D5E16D59B1B1F5007F11D0B1F5807F92
:1033300020D1D8F8001041F40031C8F8001006463A
:1033400068B12179C90624D43046BDE8F08700BFB2
:1033500004F1080004F02CFB00280646F1D1D8F84F
:10336000C000E16D20F440700843C8F8C0000020A0
:103370000BE000BF012001262179C906E4D508E051
:103380000120012521794907CBD42E462179C90690
:10339000DAD5E16F302911D020290BD010291CBFBC
:1033A0000120BDE8F087D8F8001041F40031C8F8DA
:1033B000001003E004F1080004F0FAFA002818BF36
:1033C000BDE8F087D8F8BC00E16F20F0300008437A
:1033D000C8F8BC003046BDE8F08700BFFEF7D8FA59
:1033E000054641F2883600BFD8F8C80080073FF58F
:1033F000CBAEFEF7CDFA411B0320B1424FF00301E3
:10340000F2D9E1E62DE9F04381B0002800F0D08048
:1034100042F20008C4F202080446D8F800000D4643
:1034200000F00F0081420DD9D8F8000020F00F0005
:103430002843C8F80000D8F8000000F00F00A842A8
:1034400040F0B680206840F62047C106C4F202472B
:103450000CD561693A68702303EA1222914205D9BA
:103460003A6822F4E04242EA0121396001070CD5B2
:1034700021693A68702303EA1212914205D93A6829
:1034800022F4E06242EA0111396041070AD5E1689D
:103490003A6802F07002914204D93A6822F0700250
:1034A0001143396081070AD5A1683A6802F00F021A
:1034B000914204D93A6822F00F0211433960C007E3
:1034C00068D1206881070AD5A1683A6802F00F0226
:1034D000914204D23A6822F00F0211433960D8F8C1
:1034E000001001F00F018D420CD2D8F8001021F02D
:1034F0000F012943C8F80010D8F8001001F00F019F
:10350000A94255D141070AD5E1683A6802F0700234
:10351000914204D23A6822F07002114339600107E7
:103520000CD521693A68702303EA1212914205D240
:103530003A6822F4E06242EA01113960C0060CD513
:1035400060693968702202EA1121884205D239681F
:1035500021F4E04141EA0020386000F007F93968C1
:103560004BF20C3201F00F01C0F60002525C40F247
:103570003801C2F20001096840F2D00320FA02F2D9
:10358000C2F2000308461A6001B0BDE8F043FEF73E
:10359000F5BD00BF606857F8201C01280CD0022838
:1035A00004D003285AD1890102D507E0890305D444
:1035B000012001B0BDE8F0838905F9D557F8041C56
:1035C00021F00301084347F8040CFEF7E1F96168B4
:1035D0000646032941F2883939D0022929D0012928
:1035E00010D100BF57F8040C00F0180008283FF471
:1035F00068AFFEF7CDF9801B48454FF00300F1D9C5
:103600000DE000BF57F8040C10F0180F3FF459AF4D
:10361000FEF7BEF9801B48454FF00300F2D901B018
:10362000BDE8F083FEF7B4F9801B48454FF0030076
:10363000F5D857F8040C00F018001028F2D140E734
:10364000FEF7A6F9801B48454FF00300E7D857F86E
:10365000040C00F018001828F2D132E78907A7D52A
:10366000ACE7000080B500F081F840F62041C4F2DC
:10367000024109684BF20C3201F00F01C0F6000262
:10368000515C01F01F01C84040F2D001C2F20001BC
:10369000086080BD80B500F069F840F62041C4F2B2
:1036A00002410A684BF20C3302F00F02C0F600032D
:1036B0009A5C02F01F02D04040F2D002C2F2000237
:1036C000106009684BF21C32C1F30211C0F600020F
:1036D000515C01F01F01C84080BD000080B500F0C2
:1036E00045F840F62041C4F202410A684BF20C331F
:1036F00002F00F02C0F600039A5C02F01F02D040F5
:1037000040F2D002C2F20002106009684BF21C3293
:10371000C1F30221C0F60002515C01F01F01C84054
:1037200080BD000080B500F021F840F62041C4F2D1
:1037300002410A684BF20C3302F00F02C0F600039C
:103740009A5C02F01F02D04040F2D002C2F20002A6
:10375000106009684BF21C32C1F30231C0F600025E
:10376000515C01F01F01C84080BD000080B540F6EB
:103770000041C4F20241C86900F01800082802BFE5
:1037800040F60010C0F23D0080BDC86910F0180F6F
:1037900034D0C86900F01800102802BF47F6400076
:1037A000C0F27D1080BDC86900F01800182849F2E9
:1037B0000000C0F2D03066D1D1F828E08A6AC2F3A6
:1037C000052C8A6A8B6BBCF1000F04BF002080BD02
:1037D000DB08D20603EAE2726FF35F3200EE102AD2
:1037E0000EF00302B8EE400A032A15D0012A17D1C1
:1037F0000A68920618D49FED251A1DE00868800615
:1038000049F20000C0F2D03058BF80BD0968C1F352
:10381000C101C84080BD00BF9FED1B1A0CE000BF76
:103820009FED1B1A08E000BF0A68C2F3C102D04036
:1038300001EE100AB8EE411A02EE10CA486BB8EE5B
:10384000422A6FF35F2081EE021A02EE100A9FED0A
:10385000113AB8EE422A20EE030A486B30EE020A13
:10386000B7EE002AC0F3462030EE020A013021EE06
:10387000000A01EE100AB8EE411A80EE010ABCEE11
:10388000C00A10EE100A80BD20BCBE4B0024744C50
:103890000024744A00000039002804BF012070474A
:1038A0002DE9F04381B040F6004740F6F049044668
:1038B000C4F20247C4F20249F86959F8C81C2278D8
:1038C00000F01808D00601F003062AD5B8F1080F59
:1038D0001CD0B8F1180F08BF022E17D0E169386864
:1038E000002900F06D8140F480703860FEF750F8D8
:1038F000054600BF386880050CD4FEF749F8401B28
:1039000002284FF00300F5D958E200BFE069002813
:1039100000F0E480B869216A20F47C1040EA01409C
:10392000B8612078C00719D0B8F1100F12D0B8F1E3
:10393000180F08BF032E0DD061683868B1F5A02FAD
:1039400060DA002900F0B081B1F5803F00F0CE814F
:103950009EE100BF6068002800F0C08020788007EA
:1039600077D5B8F1000F21D0E068B8F1180F08BF83
:10397000012E55D03968002800F06681206921F0B9
:10398000180108433860386840F001003860FDF7DE
:10399000FFFF05463868800754D4FDF7F9FF401B48
:1039A00002284FF00300F5D908E200BFE0680028C4
:1039B00000F094803968206901F01801814231D00B
:1039C000396821F0180108433860FFF7CFFE396AE3
:1039D0004BF20C3201F00F01C0F60002515C40F2D4
:1039E000D00201F01F0120FA01F140F23800C2F2CA
:1039F00000000068C2F200021160FEF7BFFB002861
:103A00006CD10FE000F06A81B1F5A81F40F0408151
:103A100040F480203860386840F4801064E100BFD2
:103A200000285BD0FDF7B4FF054600BF386880076B
:103A300008D4FDF7ADFF401B0228F7D9032001B0E1
:103A4000BDE8F0833869616920F4FE0040EA014076
:103A500038612078000745D4207840075CD420786E
:103A6000800600F17F80A56AA5B3B8F1180F40F079
:103A7000C98059F8C81C59F8BC0C012D2ED0E26A37
:103A800001F00303934229D1C1F30521226B914236
:103A900024D1626B01466FF35F21013A91421DD13F
:103AA000A16BC0F3462201398A4217D1E16BC0F302
:103AB000064201398A4211D1216CC0F306600139F6
:103AC00088420BD159F8B80CE16CC0F3CC008842A5
:103AD00040F0E881002001B0BDE8F083012001B092
:103AE000BDE8F083A169D9F80000002952D040F068
:103AF0008060C9F80000FDF74BFF0546D9F80000CB
:103B00000001A9D4FDF744FF401B0228F6D9032089
:103B100001B0BDE8F08300BF4FF62446CFF6FF7634
:103B2000B859C00712D1B85940F00100B851FDF79B
:103B30002FFF0546B859C00708D1FDF729FF401BE4
:103B400002284FF00300F5D938E100BFA168D9F889
:103B50000000042946DC002900F0EA80012900F079
:103B60001781D5E0616A3868002900F07F8040F451
:103B700080503860FDF70CFF054600BF38688004B0
:103B80003FF571AFFDF704FF401B02284FF0030023
:103B9000F4D913E120F08060C9F80000FDF7F8FEC9
:103BA000054600BFD9F8000000017FF555AFFDF7CD
:103BB000EFFE401B02284FF00300F3D9FEE000BFE8
:103BC00020F480703860FDF7E3FE05463868800514
:103BD0007FF5A7AEFDF7DCFE401B02284FF0030087
:103BE000F4D9EBE0052900F0C780852940F09080EA
:103BF00040F00400C9F80000D9F8000040F080004F
:103C0000C2E000BF386820F080703860FDF7C0FE69
:103C1000022D05460CD100BF3868800140F1D280EA
:103C2000FDF7B6FE401B02284FF00300F4D9C5E0B3
:103C30003868800140F12881FDF7AAFE401B022868
:103C40004FF00300F4D9B9E021F001003860FDF72E
:103C50009FFE0546386880077FF5FBAEFDF798FEAE
:103C6000401B02284FF00300F4D9A7E020F4805055
:103C70003860FDF78DFE0546386880047FF5F3AEA9
:103C8000FDF786FE401B02284FF00300F4D995E0B3
:103C900020F480303860386820F48020386038683C
:103CA00020F4801024E000BF20F4803038603868B1
:103CB00020F480103860386820F480203860FDF7E8
:103CC00067FE0546386880037FF548AEFDF760FE65
:103CD000401B64284FF00300F4D96FE040F48020CB
:103CE0003860386820F480103860386840F48030DC
:103CF0003860FDF74DFE0546386880033FF52EAE6F
:103D0000FDF746FE401B64284FF00300F4D955E050
:103D100020F00100C9F80000D9F8000020F00400EC
:103D2000C9F80000D9F8000020F0800032E000BFA0
:103D300020F00100C9F80000D9F8000020F0800050
:103D4000C9F80000D9F8000020F00400C9F800000C
:103D5000FDF71EFE054641F2883600BFD9F8000087
:103D600080077FF57CAEFDF713FE401BB0424FF09D
:103D70000300F3D922E000BF40F00400C9F80000BE
:103D8000D9F8000020F08000C9F80000D9F8000040
:103D900040F00100C9F80000FDF7FAFD054641F2C8
:103DA000883600BFD9F8000080073FF558AEFDF710
:103DB000EFFD401BB0424FF00300F3D901B0BDE866
:103DC000F08300BF59F8C80C43F6037104F12C03CB
:103DD00088430ECB084340EA0220A16B49F8C80C87
:103DE0004FF47E4202EB4121E26B581E4FF4FE037A
:103DF00089B203EB02426FF35F20084402F4FE0134
:103E0000226C4FF0FE4303EB0262084402F0FE41D5
:103E1000084449F8BC0C59F8C80C20F0100049F8C7
:103E2000C80CE06CC00049F8B80C59F8C80C40F058
:103E3000100049F8C80C59F8C80C616C20F00C004F
:103E4000084349F8C80C59F8C80CA16C20F02000B0
:103E5000084349F8C80C59F8C80C40F4803049F8B8
:103E6000C80C386840F080703860FDF791FD04465A
:103E7000386880013FF52EAEFDF78AFD001B022851
:103E80004FF00300F4D999E759F8C80C4FF6FC71CC
:103E9000CFF6F871084049F8C80C002001B0BDE821
:103EA000F08300BF59F8C80C20F0100049F8C80C86
:103EB000FDF76EFD0546FDF76BFDA842FBD0E06CFB
:103EC000C00049F8B80C59F8C80C40F0100049F887
:103ED000C80C002001B0BDE8F083000091E8051097
:103EE000CB68104347F61C02C4F200421060886998
:103EF00043EA0C02104347F62042C4F200425060ED
:103F00001068D1E9043120F0FF10184340EA014164
:103F10000020116070470000002804BF0120704796
:103F200070B5044690F82D0028B9002084F82C00C4
:103F3000204600F063F8022047F60C06C4F2004663
:103F400084F82D003068C00652D4CA20B0615320D6
:103F5000B061306840061DD4306840F080003060A9
:103F6000FDF716FD3168490614D40546FDF710FD2E
:103F7000411B3068B1F57A7F02D84006F6D509E0DA
:103F8000400607D4032084F82D003168FF21B16179
:103F900070BD00BFF0684FF6BF71CFF68F3108409B
:103FA000F060231D22690BCB43EA01411043A26953
:103FB000F56810432843F06071603068D4E9091255
:103FC00020F4F850084310433060204603F084FD8D
:103FD00010B1FF21B16170BDF068D4E9071220F083
:103FE00060406369104308431843F060FF20B061EC
:103FF000012084F82D00002070BD000010B5A4B091
:10400000044602A808308021FCF78EF9206847F6A4
:104010000001C4F20041884202D024B010BD00BFAC
:10402000002003904FF0007002904FF40070209039
:1040300002A8FEF797FE002818BFFCF76DFC40F6BB
:10404000A840C4F20240816C41F4004181640168DF
:1040500041F400110160006800F400100190019823
:1040600024B010BD042888BF7047DFE800F0031BB0
:1040700013352D004EF21000CEF20000016821F041
:104080000401016040F6E440C4F20240016821F0FE
:104090000C0120E04EF21000CEF200000168022276
:1040A00006E000BF4EF21000CEF2000001680122CF
:1040B00021F00401016040F6E440C4F202400168CE
:1040C00062F3830107E000BF4EF21000CEF2000061
:1040D000016841F0040101607047000010B540F232
:1040E0000C30C2F20000D0E90021D0E9024E531C8E
:1040F00003604B1C4360631CD0F810C083600EF15A
:104100000103C3600CF10103002A036103D40122FF
:10411000426100220260042912DA092C16DABEF18B
:10412000630F03DB012101620021C16040F2E7312E
:104130008C45B8BF10BD012141620021016110BD55
:104140000121816100214160092CE8DB0121C1616D
:1041500000218160BEF1630FE4DAE7E7411E002031
:10416000B0EB116F1CBF012070474EF21002CEF26F
:10417000000251609060116841F0030111607047C6
:104180004EF21000CEF200000068400744BF042049
:10419000704740F6E440C4F20240006802A100F01B
:1041A0000C000858704700BF00000000010000002C
:1041B0000200000000000000FFF790BF90F884109C
:1041C000012904BF022070472421C0F8881001682B
:1041D0000A680B6822F0005223F001030B600023F1
:1041E00043660A602021C0F8881080F884300020DF
:1041F00070470000704700007047000090F884206E
:10420000012A04BF02207047B0B52422C0F88820DC
:104210000268D0F864E0D2F800C01368BEF1000F65
:1042200023F001031360936823F0606341EA030104
:10423000916019D0936891684BF23C5E490FC0F6CB
:10424000000E4BF244551EF80140C0F60005C3F3C2
:104250004263695CE400B4FBF1F11EF80340EB5CDF
:10426000E500B5FBF3F301E001210123A0F86A109A
:104270002021A0F86830C2F800C0C0F888100021E2
:1042800080F884100020B0BD90F88420012A04BF7B
:1042900002207047B0B52422C0F888200268D0F808
:1042A00064E0D2F800C01368BEF1000F23F00103F0
:1042B0001360936823F0604341EA0301916019D0D1
:1042C000936891684BF23C5E490FC0F6000E4BF2CA
:1042D00044551EF80140C0F60005C3F34263695C13
:1042E000E400B4FBF1F11EF80340EB5CE500B5FB24
:1042F000F3F301E001210123A0F86A102021A0F8C6
:104300006830C2F800C0C0F88810002180F884101E
:104310000020B0BD7047000070470000B0B50446F3
:104320000068D4F88810D4F88C508268120640F1E6
:104330008280212940F07F80206850E8020F2168A8
:1043400020F0800041E80202DAB1206850E8020F54
:10435000216820F0800041E8020292B1206850E814
:10436000020F216820F0800041E802024AB1206873
:1043700050E8020F216820F0800041E80202002A84
:10438000DAD1E06F40B1FCF71FFE28B1E06FFCF717
:1043900011FF102800F08980206850E8000F216884
:1043A00020F0C00041E80002BAB3206850E8000FD6
:1043B000216820F0C00041E8000272B3206850E894
:1043C000000F216820F0C00041E800022AB32068F5
:1043D00050E8000F216820F0C00041E80002002AE8
:1043E000DAD11AE0206850E8020F216820F40000BA
:1043F00041E80202DAB1206850E8020F216820F497
:10440000000041E8020292B1206850E8020F2168E2
:1044100020F4000041E802024AB1206850E8020F8F
:10442000216820F4000041E80202002ADAD12020AD
:10443000C4F888002068806840064FF0000040F112
:10444000B280222D18BFB0BD206850E8020F21684D
:1044500020F0400041E80202DAB1206850E8020F83
:10446000216820F0400041E8020292B1206850E843
:10447000020F216820F0400041E802024AB12068A2
:1044800050E8020F216820F0400041E80202002AB3
:10449000DAD1D4F8800068B1FCF796FD50B1D4F8B9
:1044A0008000FCF787FE102804D11020C4F890008B
:1044B0000320B0BD206850E8000F216820F4907000
:1044C00041E80002DAB1206850E8000F216820F4CA
:1044D000907041E8000292B1206850E8000F216816
:1044E00020F4907041E800024AB1206850E8000FC3
:1044F000216820F4907041E80002002ADAD14FF6DA
:10450000FE70CEF6FF7000BF216851E8021F2268DE
:10451000014042E80213C3B1216851E8021F22683A
:10452000014042E8021383B1216851E8021F22686A
:10453000014042E8021343B1216851E8021F22689A
:10454000014042E80213002BDED1E06E012824D1A5
:10455000206850E8000F216820F0100041E80002B8
:10456000DAB1206850E8000F216820F0100041E81F
:10457000000292B1206850E8000F216820F010007E
:1045800041E800024AB1206850E8000F216820F09D
:10459000100041E80002002ADAD12020C4F88C0083
:1045A0000020E0666067B0BD002804BF01207047AE
:1045B00010B52421C0F88810016804460A6822F06A
:1045C00001020A6000220A604A608A6000F01CFB57
:1045D0000020C4F89000C4F88800C4F88C00E0669D
:1045E000206784F8840010BD7047000070B5026831
:1045F00040F62F04D369116896681C40202C0BD11B
:1046000001F0200406F080552D1916D0416F61B3DA
:10461000BDE87040084700BF40F60F052B420CD0A4
:104620000125C1F2000506EA050C40F22015C0F292
:1046300000450D4015EB0C0524D1C46EDD0615D5E3
:10464000012C13D111F0100510D0102111629168C6
:10465000490661D4B0F85C10B0F85E20B0F85E3066
:10466000002B18BF914240F0058270BDDD0215D5C8
:1046700016F4800512D04FF480111162BDE870402D
:10468000FFF74ABEDD0718BF11F4807540F0F880CF
:104690009D0706F0010E00F1FF8008E11A0606D51D
:1046A00001F0800206F40006921940F063825A0677
:1046B00040F1DA8011F0400200F0D680016851E844
:1046C000001F026821F0400142E80013DBB10168DD
:1046D00051E8001F026821F0400142E8001393B145
:1046E000016851E8001F026821F0400142E8001310
:1046F0004BB1016851E8001F026821F0400142E817
:104700000013002BDAD12021C0F888100021816726
:10471000BDE8704001F006B8D0F8802011688B6CBD
:10472000B0F85C4099B2002900F09080A14280F07E
:104730008D80A0F85E30116D81297BD0016851E831
:10474000001F026821F4807142E80013BBB30168C6
:1047500051E8001F026821F4807142E8001373B32E
:10476000016851E8001F026821F4807142E80013DB
:104770002BB3016851E8001F026821F4807142E800
:104780000013002BDAD11AE0016851E8021F026819
:1047900021F0010142E80213DBB1016851E8021F78
:1047A000026821F0010142E8021393B1016851E867
:1047B000021F026821F0010142E802134BB10168B7
:1047C00051E8021F026821F0010142E80213002BA8
:1047D000DAD12021C0F88C100021C166016851E8AF
:1047E000001F026821F0100142E80013DBB10168EC
:1047F00051E8001F026821F0100142E8001393B154
:10480000016851E8001F026821F0100142E800131E
:104810004BB1016851E8001F026821F0100142E825
:104820000013002BDAD1D0F8801004460846FCF7BC
:10483000CBFB204602210167B0F85C10B0F85E2087
:10484000891A89B2BDE87040FFF7D4BC8C427FF46E
:104850000CAF126D812A7FF408AF02220267BDE817
:104860007040FFF7C7BC00BF1A0240F18F8111F002
:10487000804200F08B81BDE87040FFF74BBD00BF68
:1048800001251562D0F8905045F00105C0F8905010
:104890009D0706F0010E0AD5BEF1000F07D00224D5
:1048A0001462D0F8904044F00404C0F890405C07D3
:1048B0000AD5BEF1000F07D004251562D0F890503C
:1048C00045F00205C0F890501D070CD501F02005F9
:1048D00055EA0C0507D008251562D0F8905045F030
:1048E0000805C0F890501D050BD511F0806508D063
:1048F0004FF400651562D0F8905045F02005C0F8DF
:104900009050D0F89050002D3FF4AFAE9B060BD5E1
:1049100001F0200106F08053C91805D0416F19B18C
:104920000446884722682046D0F89010926801F02B
:10493000280102F04002891806D10446FFF754FE10
:104940000020C4F8900070BD016851E8001F0268A3
:1049500021F4907142E80013DBB1016851E8001FB7
:10496000026821F4907142E8001393B1016851E8A4
:10497000001F026821F4907142E800134BB10168F6
:1049800051E8001F026821F4907142E80013002BE7
:10499000DAD14FF6FE71CEF6FF7100BF026852E821
:1049A000022F03680A4043E80226C6B1026852E8B3
:1049B000022F03680A4043E8022686B1026852E8E3
:1049C000022F03680A4043E8022646B1026852E813
:1049D000022F03680A4043E80226002EDED1C16E92
:1049E000012924D1016851E8001F026821F010015B
:1049F00042E80013DBB1016851E8001F026821F0B2
:104A0000100142E8001393B1016851E8001F0268E9
:104A100021F0100142E800134BB1016851E8001F7A
:104A2000026821F0100142E80013002BDAD12021A6
:104A3000C0F88C100021C166026841679168490680
:104A400040F1A080D0F88010002900F09B8048F24F
:104A50007D02C0F6000204460846CA66FCF708FB61
:104A600000283FF402AED4F88000C16EBDE870406B
:104A7000084700BF891A00BF026852E8002F036888
:104A800022F4907243E80026DEB1026852E8002F5B
:104A9000036822F4907243E8002696B1026852E857
:104AA000002F036822F4907243E800264EB102689A
:104AB00052E8002F036822F4907243E80026002E8B
:104AC000DAD14FF6FE72CEF6FF7200BF036853E8EC
:104AD000023F0668134046E80235C5B1036853E853
:104AE000023F0668134046E8023585B1036853E883
:104AF000023F0668134046E8023545B1036853E8B3
:104B0000023F0668134046E80235002DDED1202220
:104B1000C0F88C200022C266426700BF026852E8DB
:104B2000002F036822F0100243E80026DEB102687D
:104B300052E8002F036822F0100243E8002696B1E5
:104B4000026852E8002F036822F0100243E80026B2
:104B50004EB1026852E8002F036822F0100243E8C9
:104B60000026002EDAD1022289B20267BDE8704029
:104B7000FFF740BB816F00293FF477ADBDE870407F
:104B8000084700BFBDE87040FFF72EBDDA017FF592
:104B90006CADB1F1FF3FC8BF70BDBDE87040FFF71D
:104BA0002BBB000010B5D8B10446D0F8880028B956
:104BB000002084F88400204600F082F82420C4F805
:104BC00088002068A16A0268002922F001020260C0
:104BD0001CBF204603F028F9204604F0B3F808B1C2
:104BE000012010BD2168486820F490404860886822
:104BF00020F02A008860086840F0010220460A6020
:104C0000BDE8104003F084B910B5016844F20042D9
:104C1000C4F2000291423DD044F60002C4F2000208
:104C200091421BD043F60000C4F20100814218BF3C
:104C300010BD40F69C40C4F20240816821F48041DE
:104C4000816040F20040C4F202204FF44041FCF782
:104C50003BFD3A20BDE81040FDF7E6BA40F69C4126
:104C6000C4F202410A68044622F480220A6040F23B
:104C70000041C4F2022108464FF4A061FCF724FD74
:104C8000D4F88000FCF726FA3C20BDE81040FDF780
:104C9000CBBA00BF40F69C40C4F20240016821F448
:104CA0000031016040F20040C4F20220A0F58060B3
:104CB0000C21FCF709FD3B20BDE81040FDF7B4BA1C
:104CC0002DE9F041C4B00446002524A86C21439589
:104CD000CDE94155CDE93F55FBF726FB02A88821D8
:104CE000FBF722FB206844F20041C4F20001884235
:104CF00000F0F68044F60001C4F2000188423DD085
:104D000043F60001C4F20101884240F023810120F2
:104D10000024029002A80394FEF724F8002818BF8C
:104D2000FBF7FAFD40F68C40C4F20240816941F481
:104D300080418161816901F480410191019901689B
:104D400041F00201016000683FA900F002000190FB
:104D500001984FF440403F900220CDE940040420E8
:104D6000439040F20040C4F202204294FCF72EFD32
:104D70003A20022100223A24E7E000BF0420002765
:104D8000029002A80397FDF7EDFF002818BFFBF77C
:104D9000C3FD40F68C40C4F20240016940F2004875
:104DA00041F4802101610169C4F2022801F48021EB
:104DB0000191019901683FAE41F002010160006874
:104DC000022500F00200019001984FF480603F90AE
:104DD0000720439040463146CDE940554297FCF7C5
:104DE000F5FC4FF480703FA9A1C10D2043904046CF
:104DF00031464295FCF7EAFC40F20050C4F2004014
:104E0000016840F2D02641F48021016021202490E5
:104E10001920CDE925074FF40020C2F20006CDE9A4
:104E20002907012006F11805CDE92D0024A82946FF
:104E3000CDE927772B973597CDE92F77CDE93177D6
:104E40003397FBF7BBFD002818BFFBF765FD304625
:104E500000212A46FBF7DEFE002818BFFBF75CFDA9
:104E600040F2D020C2F20000FBF7BEFF002818BFBE
:104E7000FBF752FD40F2C8505021C2F20000C4F2CC
:104E8000020101604FF4800100228123C0E90E126B
:104E9000C0E910228364FBF74BFE002818BFFBF724
:104EA0003BFD40F2C855C2F2000540F2D021C2F2EB
:104EB00000012846FBF744FF002818BFFBF72CFD34
:104EC00028461021C4F88050EC65FCF7E5F800286E
:104ED00018BFFBF721FD3C20022100223C2434E0D6
:104EE000022402A803950294FDF73CFF002818BF96
:104EF000FBF712FD40F68C40C4F20240016941F418
:104F000000310161016901F40031019101990168E9
:104F100041F00101016000683FA900F0010001902B
:104F200001980C20CDE93F040020CDE94100072085
:104F3000439040F20040C4F20220A0F58060FCF7EC
:104F400045FC3B20002100223B24FDF795F920463B
:104F5000FDF780F944B0BDE8F08100002DE9F04391
:104F600081B00446D0F88C0020281EBF022001B07A
:104F7000BDE8F0830E4600294FF0010018BF002A5B
:104F800002D101B0BDE8F0832068994681681546DA
:104F9000490603D5816821F040018160002022216B
:104FA000C4F89000C4F88C10E066FCF7F1FCA4F89B
:104FB0005C50A4F85E50A1688046C9B1B1F1805F31
:104FC00012D0B1F5805F17D12069FF270146002874
:104FD0001CBF31460026002808BF40F2FF17A4F886
:104FE000607035460E4617E0206918B13F2706E08D
:104FF000206918B17F2702E0002700E0FF27002585
:10500000A4F8607008E000BF384006F8010BB4F85F
:105010005E000138A4F85E00B4F85E0090B120464E
:10502000202100224346CDF8009004F0F7FA88B919
:105030002068002E406AE7D1384025F8020B002690
:10504000E5E700BF00202021C4F88C1001B0BDE8C6
:10505000F08300BF03202021C4F88C1001B0BDE80C
:10506000F083000080B5D0F88C30202B08D10029C7
:105070004FF0010318BF002A06D1184680BD00BFBB
:105080000223184680BD00BF0023C366D0F800C0CD
:1050900042F20043C4F200439C4503D0DCF80430E4
:1050A0001B0203D4BDE8804003F01ABF036853E835
:1050B00000CFD0F800E04CF080634EE8003CBCF13B
:1050C000000FEFD0036853E800CFD0F800E04CF0B9
:1050D00080634EE8003CBCF1000FE3D0036853E866
:1050E00000CFD0F800E04CF080634EE8003CBCF10B
:1050F000000FD7D0036853E800CFD0F800E04CF0A1
:1051000080634EE8003CBCF1000FCFD1CAE700003D
:10511000D0F88C30202B07D100294FF0010318BFA5
:10512000002A05D11846704702231846704700BF71
:1051300080B50023C366D0F800C0DCF808305B06F9
:1051400005D5DCF8083023F04003CCF8083042F2F3
:105150000043C4F200439C4503D0DCF804301B023A
:1051600004D403F081FF002080BD00BF036853E832
:1051700000CFD0F800E04CF080634EE8003CBCF17A
:10518000000FEED0036853E800CFD0F800E04CF0F9
:1051900080634EE8003CBCF1000FE2D0036853E8A6
:1051A00000CFD0F800E04CF080634EE8003CBCF14A
:1051B000000FD6D0036853E800CFD0F800E04CF0E1
:1051C00080634EE8003CBCF1000FCFD1C9E700007E
:1051D00070B5006844F20041C4F2000188420DD06D
:1051E00043F60001C4F20101884206D140F2FC10EE
:1051F000C2F200000078012822D170BD40F2FC10FC
:10520000C2F20000007800284ED0012818BF70BDFF
:1052100040F2A435C2F20005688A002870D195F8E2
:105220002510AC296CD0002340F26C7005F12501EB
:10523000C2F2000001226B82BDE87040FFF768BF38
:1052400040F2A431C2F200018A89487840F6A425D0
:10525000C2F20005531CA85440F234429CB2C2F280
:1052600000029268632C88BF002382428B810ED19A
:105270004FF480328A6000220A7040F20802C2F2C3
:10528000000213780425002B18BF06255580A0F1D5
:10529000790212F1090F51D8A0F1C1030A89072B35
:1052A00050D8042A58D14DE040F2A435C2F200058E
:1052B000A978E88940F698164B1CC2F200065CB249
:1052C000325CAB7040F62423C2F20003B4F1FF3F1E
:1052D0005A54DCBF0021A970002861D13178AA2975
:1052E0005ED040F26C7040F698110023C2F20000CC
:1052F000C2F200010122EB81BDE87040FFF708BF58
:10530000013081B268820A296CD305F12504204658
:1053100002F008FA00206882C5F82500C5F82900C7
:10532000A5F82D0040F20040C4F20220082100221E
:10533000FCF728FB688A211874E000BF0A89042A58
:105340000AD104224B89012B1DD140F20803C2F27D
:1053500000035B880AE000BF01224A810A7040F224
:105360000802C2F20002052353800022551CACB291
:105370000A449C420D81107605D30C4602F0ECF8ED
:10538000214600206081002001F8010F40F2D86022
:10539000C2F200000122BDE87040FFF7B9BE00BFB5
:1053A0000C280DD3B6F805106E6109318AB2298236
:1053B000802A20D24FF0FF3212FA81F1814217DDAC
:1053C000431C98B27F2888BF002340F26C7016FA05
:1053D00083F1C2F200000122EB81BDE87040FFF7CB
:1053E00097BE00BF15FA80F000F125011AE000BF5A
:1053F000304602F037FA0020C5F80E003046802112
:10540000FAF792FF022005F095F840F20040C4F24E
:10541000022008210022FCF7B5FA022005F08AF8E4
:10542000E889311840F26C70C2F200000122BDE838
:105430007040FFF76DBE0000704700002DE9F0419D
:105440000446D0F8880020281CBF0220BDE8F08167
:1054500000294FF0010018BF002A01D1BDE8F081FA
:105460002068884681681D461646090603D581686E
:1054700021F0800181600020C4F890002120C4F850
:105480008800FCF785FAA4F85460A4F85660A16877
:105490000646B1F5805F02D12069002864D04746F6
:1054A0000020B4F856202168002A65D06A1C26D056
:1054B000002D51D0804600BFC869000608D4FCF713
:1054C00067FA801BA84200F2818021680868F3E730
:1054D00017B117F8010B04E038F8020B00276FF33F
:1054E0005F208862B4F856000138A4F85600B4F87A
:1054F00056000028E0D13FE0CA69120609D4CA6903
:10550000120606D4CA6912065CBFCA695FEA026263
:10551000F2D51FB117F8012B05E000BF30F8022BC0
:1055200000276FF35F228A62B4F85620013AA4F88C
:105530005620B4F85620002AE1D11DE030F8022BA5
:1055400000276FF35F228A62B4F85620013AA4F86C
:105550005620B4F856207AB1CA69120634D5002F05
:10556000ECD017F8012BEEE700274046B4F85620A0
:105570002168002A7FF49AAFC86940061ED41DB383
:10558000681C14D1C869400626D4C869400623D4D3
:10559000C869400620D4C86940064FF00000F1D524
:1055A0000DE000BF20680168C069400614D4FCF714
:1055B000EFF9801BA842F5D908E000BF00202021A8
:1055C000C4F88810BDE8F081FCF7E2F9032020213F
:1055D000C4F88810BDE8F08100202021C4F88810AC
:1055E000BDE8F081D0F88830202B07D100294FF09A
:1055F000010318BF002A05D1184670470223184638
:10560000704700BFD0F800C0DCF808301B0605D595
:10561000DCF8083023F08003CCF808300165002165
:10562000A0F85420A0F85620C0F890102121C0F80E
:105630008810426E8168B2F1005F35D1B1F5805FAC
:1056400002D10169002961D049F24151C0F600013F
:10565000816700BF016851E8021F026841F4000140
:1056600042E80213002B4ED0016851E8021F026885
:1056700041F4000142E80213002B44D0016851E8D4
:10568000021F026841F4000142E80213DBB3016823
:1056900051E8021F026841F4000142E80213002BA6
:1056A00004BF00207047D5E7B1F5805F01D10169E3
:1056B00091B349F27941C0F600018167016851E870
:1056C000001F026841F0800142E80013DBB101686D
:1056D00051E8001F026841F0800142E8001393B1D5
:1056E000016851E8001F026841F0800142E80013A0
:1056F0004BB1016851E8001F026841F0800142E8A7
:105700000013002BDAD10020704700BF49F2993115
:10571000C0F600019CE700BF49F2CD21C0F60001B0
:10572000CBE70000006843F60001C4F201018842A3
:1057300018BF704780B540F20040C4F2022020211B
:105740000022FCF71FF9012004F0F4FE40F2A4301F
:10575000C2F20000411C40F2D860C2F200000122F7
:10576000BDE88040FFF7D4BC2DE9F04F81B0077E43
:10577000017B437E90F81AB040F23C2A90F81DC09D
:10578000847F40F6983940F2344845F2AA5EC2F26E
:10579000000A552FC2F20009C2F20008C2F2342EEC
:1057A0008AF8037008D0AA2F22D140F20002C2F278
:1057B00000020220106022E040F20000C2F200006D
:1057C0000127076089F8047003209AF80270A9F88D
:1057D00009000220C9F800E089F80B00B94218BF9F
:1057E000002189F80C1089F80E00882156E000BFCE
:1057F00040F20000C2F200000068022833D1BCF180
:10580000550F18D140F26C30C2F20000D8F80C608D
:105810000068012286428AF8002018BFC8F80C00F0
:1058200040F27030C2F20000D8F81C600068864276
:1058300018BFC8F81C00552C06D0AA2C12D1012084
:10584000CAF808000EE000BF40F2A450C2F2000007
:10585000D8F82C600068012286428AF8012018BF1F
:10586000C8F82C00022001269AF8022089F804606A
:105870000326A9F8096002269142C9F800E089F8D8
:105880000B6018BF0021AA2F89F80C1089F80E6050
:1058900006D15521062808BF6FF0770189F80F104F
:1058A0004FF40070AA2BA9F8100003D0552B04D197
:1058B000552000E0882089F812004FF40070BBF1F9
:1058C000AA0FA9F8130005D0BBF1550F05D155203B
:1058D00001E000BF882089F8150040F26831C2F26B
:1058E00000014FF400700968A9F81600022089F839
:1058F0001A0001294FF02A0089F81D0012D18820D2
:1059000089F81E0040F26C3040F27031C2F20000A3
:10591000C2F2000100680968A9F82000A9F8221065
:1059200017E000BF40F24C30C2F2000000780128BE
:1059300002D1AA2008E000BF40F24D30C2F20000C0
:105940000078012805D1552089F81E000020C9F8EB
:105950002000A246BCF1550F2ED1D8F804005521E5
:10596000222889F81E1011D0112825D140F26C3060
:1059700040F27031C2F20000C2F200010068096812
:10598000C8F80C00C8F81C1014E000BF40F26C30DE
:10599000C2F20000006808F1500CC8F8340040F270
:1059A0006450C2F2000090E80E00C0688CE80E005F
:1059B000C8F85C0005F05CF9D8E9196508F15007F2
:1059C0008FCFD8F86C40A9F8307008F17007A9F8AB
:1059D0002800A9F82A10A9F82C20A9F82E30A9F837
:1059E0003260A9F83450A9F836408FCFD8E9216544
:1059F000D8F88C40A9F83800200A89F847000A2016
:105A0000BAF1550FA9F83A10A9F83C20A9F83E3090
:105A1000A9F84070A9F84260A9F8445089F84640B6
:105A200089F8480023D0BAF1AA0F28D140F28C306F
:105A3000C2F200000068012808D1D8F82C10882094
:105A4000A9F8490089F84B10080A16E040F24F30D7
:105A5000C2F200000078012802D1AA2008E000BFAD
:105A600040F2E830C2F200000078012807D155204A
:105A7000A9F84900002089F84B0089F84C000A2059
:105A80004BF23C324BF23C4389F8530089F85E00FC
:105A900089F869006B2009F10901FF27C0F60002AF
:105AA000C0F60003FF26A9F8050000BF0D78FFB27D
:105AB0006F40D55D4C78F6B26E406640DF5D955D17
:105AC0008C786F4067409E5DD55DDF5D6E4085B22E
:105AD000F6B2032D08D0CD7804386E40955D9E5DFA
:105AE0006F400431E2E700BF46EA0720A9F807004B
:105AF000022004F01FFD40F20040C4F20220082101
:105B00000122FBF73FFF022004F014FD40F26C700D
:105B1000C2F2000049467422642301B0BDE8F04F90
:105B2000FFF78CBC70B540F23C2CC2F2000C4FF079
:105B3000010E6146C268037C807C21F82DEF45F29E
:105B4000AA540872022048724FF4E050A1F80B00EA
:105B500043F23070C3F23120C1F8110043F2320039
:105B6000C3F23250C1F80D0042F63060C3F230008B
:105B7000C1F8190043F23010C3F22E00C1F815002D
:105B80000120C1F23424C3F2301041F8094C06243C
:105B9000C1F8032011F82B2CC1F81D0042F24E0071
:105BA00001F805EC8C70A1F8210000204BF23C3E7E
:105BB0004BF23C44CB718A7281F82700C1F8230074
:105BC0002922FF20C0F6000EC0F60004FF2321F8B2
:105BD000042C00BF0D78C0B268401EF80050205C55
:105BE0006B4095B2DBB2012D14D04D788E786B40AE
:105BF0001EF80350E35C754068401EF80050CE78F4
:105C00006B407340205C1EF80350E35C043A68402C
:105C10000431DFE743EA00200CF12404ACF82B0048
:105C2000022004F087FC40F20040C4F20220082168
:105C30000122FBF7A7FE022004F07CFC40F26C700E
:105C4000C2F20000214632226423BDE87040FFF713
:105C5000F5BB00002DE9F04140F6083845F2AA51A5
:105C600040F23C22C2F20008C2F23421C2F2000229
:105C7000007BC8F800100121927888F804100221F6
:105C8000A8F8091088F80B10904218BF002088F877
:105C90000C004FF4F050A8F80D0040F23440C2F26E
:105CA000000000F10803C56A40F20000C2F20000E3
:105CB00000680ECB01380528A8F80F20A8F811308D
:105CC000A8F81310A8F815500CD8C1B2372222FA40
:105CD00001F1C90706D085A1085C102188F81B00D6
:105CE00001E000BF0F2108EB01034FF4807023F89F
:105CF0000C0F40F2523040F2493240F24835C2F2C5
:105D00000000C2F20002C2F20005007812782D787D
:105D1000987045EA020040F23022C2F20002156893
:105D2000D87040F2983001F10702C2F200003DB194
:105D3000012D0CD14244AA24057A147304E000BF5B
:105D4000424455251573002501F109021D7240F2E8
:105D50003421C2F200010B68911C5BB1012B10D100
:105D600040F25333C2F200034144AA251B780D735D
:105D700004E000BF414455230B730023111D42442E
:105D8000D373414450234B75036840684FF48272CB
:105D9000C1F81A0040F65410C2F200000A82C26A2A
:105DA000C1F81630036AC1F82A20028E456AC1F88C
:105DB0001E30438ECA850268846AC1F822500B8661
:105DC0004368456BC1F83E208289C1F82640846B48
:105DD000C1F83250C56BC1F84230A1F84A20C289DF
:105DE000038AC1F836408468C1F83A50A1F84C20C3
:105DF000A1F84E30D0F81220D0F81630D0F81A5052
:105E0000C08B4FF0010C81F85C00000A0A654B65FD
:105E100081F85D000C204BF23C324BF23C4381F8A0
:105E200012C0C1F846408D6581F8660081F872C0E5
:105E30008720A8F10901FF24C0F60002C0F6000384
:105E4000FF25A8F8050000BF8E7CE4B26640945D93
:105E5000CF7CEDB265406F409E5DD55D0C7D6E40A0
:105E60006640DF5D955D4C7D6F4067409E5DD55D12
:105E7000DF5D6E408D7D09386E40955D9E5D6F40A3
:105E8000CD7D6F40D55DDF5D6E400D7E6E40955DD2
:105E90009E5D6F404D7E6F40D55DDF5D6E408D7EB7
:105EA00009316E40955D85EA07049D5D0704CBD1FD
:105EB000E0B240EA0520A8F80700022004F03AFB0F
:105EC00040F20040C4F2022008210122FBF75AFDF3
:105ED000022004F02FFB40F26C70C2F20000414639
:105EE0009022C823BDE8F041FFF7A8BAAAA5A5AA49
:105EF00055A50000F0B581B040F60C4C45F2AA5112
:105F0000C2F2000CC2F23421CCF80010012140F2A0
:105F10003C228CF804100421C2F20002007BACF891
:105F20000910022192788CF80B1040F23441904213
:105F300018BF0020C2F200018CF80C00D1E900204B
:105F400040F20913ACF80E30CCF810202228CCF81F
:105F5000140000F0A980112840F05E812C2001F18E
:105F6000080E8CF818009EE81D40CCF81D20CCF8D7
:105F70001900D1E90A0201F11C07096BE0CFCCF846
:105F80002130CCF82540CCF829E0CCF83900CCF809
:105F90003D20080A0A0C0B0E4BF23C3E4BF23C44EF
:105FA0008CF841108CF842008CF843208CF8443077
:105FB0008CF845108CF846008CF847208CF8483057
:105FC0003C21ACF10302FF20C0F6000EC0F6000435
:105FD000FF23CCF82D50CCF83160CCF83570ACF8FC
:105FE000051000BF12F80C5FC0B268401EF80050E8
:105FF000DBB26B405578205C6B401EF803509678FE
:1060000068407040E35C1EF80050D6786B407340E7
:10601000205C1EF80350167968407040E35C1EF85F
:106020000050205C6B4055790C396B401EF80350D2
:10603000E35C684095790E0480EA05001EF8005084
:10604000205C83EA0503D57983EA05031EF8035033
:10605000E35C80EA0500157A80EA05001EF800502E
:10606000205C83EA0503557A83EA05031EF8035092
:10607000E35C80EA0500957A80EA05001EF800508E
:10608000205C83EA0503D57A83EA05031EF80350F2
:10609000E35C80EA0500A5D1C0B240EA03204524B4
:1060A000ACF80700BFE000BFD1E91065D1E9124E9E
:1060B0005C2001F13007CCF82960CCF82D50D1E9F3
:1060C00018658CF818008DCFCCF82570CCF83140CD
:1060D000CCF835E001F15007D1E91A4ECCF819009F
:1060E000CCF81D20CCF821308DCFCCF84570CCF801
:1060F0004960CCF84D5001F17007D1E92065CCF82A
:106100003900CCF83D20CCF841308DCFD1F8881043
:10611000CCF85140CCF855E04BF23C3E4BF23C44BD
:10612000CCF85900CCF85D20CCF86130CCF8711077
:106130006C21ACF10302FF20C0F6000EC0F6000493
:10614000FF23CCF86570CCF86960CCF86D50ACF8E2
:10615000051000BF12F80C5FC0B268401EF8005076
:10616000DBB26B405578205C6B401EF8035096788C
:1061700068407040E35C1EF80050D6786B40734076
:10618000205C1EF80350167968407040E35C1EF8EE
:106190000050205C6B4055790C396B401EF8035061
:1061A000E35C684095790E0480EA05001EF8005013
:1061B000205C83EA0503D57983EA05031EF80350C2
:1061C000E35C80EA0500157A80EA05001EF80050BD
:1061D000205C83EA0503557A83EA05031EF8035021
:1061E000E35C80EA0500957A80EA05001EF800501D
:1061F000205C83EA0503D57A83EA05031EF8035081
:10620000E35C80EA0500A5D1C0B240EA0320752412
:10621000ACF8070007E000BF01208CF8180006204A
:106220000F24ACF80500022004F084F940F200408D
:10623000C4F2022008210122FBF7A4FB022004F093
:1062400079F940F26C7040F60C41C2F20000C2F2E3
:1062500000012246642301B0BDE8F040FFF7EEB82C
:106260002DE9F04110F80C7F40F2344CC2F2000CE2
:10627000DCF8044010F8011C451815F8041FCBB2D7
:1062800084F0110115F8038C6878D5F802201943C1
:106290000AD1C61E0A2E07D24FF0FF3318444CF81D
:1062A000202004F0E5FC0DE0A0F10D06B1FA81F12B
:1062B000B6FA86F6490976093140012940F08A800C
:1062C000CCF8302040F23C2445F2AA50C2F200043F
:1062D000C2F2342044F80C0F012020710720A4F8EA
:1062E0000900022014F80A1CE0724FF400708F427B
:1062F00018BF0027A4F80D004BF23C3087F0410294
:10630000C0F60000815C277381F0C0074BF23C416E
:10631000C0F600018A5CC65D4FF4C063724082F033
:1063200002022382CB5D875C8A5C7B4083EA0803A0
:10633000DBB2C75CCB5C7A40875C84F80F807B4023
:1063400083F006038A5CC75C2E687A40C4F812604A
:106350007240AD88D2B2CB5C875CE5827B40E77C43
:106360008A5C7B40C75C267D7A407240CB5C875C50
:10637000667D7B4073408A5CC75CCB5C7A40A77DBE
:10638000E57D7A40875C8A5C7B406B40C05CC95C81
:10639000504040EA01200F26A4F807000220A4F88C
:1063A000056004F0C7F840F20040C4F20220082162
:1063B0000122FBF7E7FA022004F0BCF840F26C700F
:1063C000C2F20000214618226423BDE8F041FFF725
:1063D00035B800BF222C08BF002B07D0002B7FF45C
:1063E00071AF411E01297FF657AF6BE7A0F10E0197
:1063F0001729F3D26FF0010350E70000FEE7000019
:1064000070B50446006815468369DA0602D4002197
:10641000002266E00E461021C161816989065CD4C4
:10642000711C50D02EBBFBF7B3FA2068426894F879
:10643000421083691B040BD512F4804208D1202935
:1064400006D0416841F480414160FBF7A1FA05465E
:1064500020688169890605D4FBF79AFA401B1A283F
:10646000F6D328E081698906DDD536E081698906A1
:1064700033D4FBF78DFA411B2068B142F6D942684C
:1064800094F8421083691B040CD512F4804209D1A0
:10649000202907D0416841F480414160FBF778FA38
:1064A000054600BF206881698906DFD4FBF770FAD2
:1064B000401B1A28F6D3206801228169242110E0AC
:1064C0008169890609D48169890606D481698906AA
:1064D0005CBF81695FEA8161F2D52021C16101223F
:1064E00004218369DE0505D54FF4807241F0010176
:1064F000C26101225E0507D49B050CD4002A04BFAB
:10650000002070BD0CE000BF41F008014FF4806234
:106510009B05C26104D541F002014FF40072C261D3
:106520008269920744BF002282628269D20703D146
:10653000826942F00102826142684EF60003CFF6A2
:1065400000631A404260606C08436064202084F855
:106550004100002084F8420084F84000012070BD12
:106560002DE9F0410446006880690840401AB0FAFD
:1065700080F0400982423BD1DDF8188015460E4676
:106580001F46581C20D0002F3ED100BF20460021BE
:106590004246FFF735FF00281CBF0120BDE8F0810F
:1065A000FBF7F6F9206881693140891BB1FA81F166
:1065B00049098D4241D080693040801BB0FA80F09B
:1065C00040098542E2D013E020464FF0FF314246B9
:1065D000FFF716FF00281CBF0120BDE8F0812068EE
:1065E00080693040801BB0FA80F040098542EBD0D2
:1065F0000020BDE8F08100BF80693040801BB0FA08
:1066000080F040098542F3D1204639464246FFF7E3
:10661000F7FE00281CBF0120BDE8F081FBF7B8F9A8
:10662000A0EB08012068B942E6D981693140891B95
:10663000B1FA81F149098D42DED1606C40F0200051
:106640006064202084F84100002084F8420084F82F
:1066500040000120BDE8F08170B504460068806903
:10666000800635D415460E4619B928E080698006A3
:106670002ED4204631462A46FFF7C2FE30BBFBF738
:1066800087F9411B2068B142F0D981698906EDD4B0
:10669000606C40F020006064202084F841000020FD
:1066A00084F8420084F84000012070BDFBF770F9C7
:1066B000206881698906EBD58069800608D4204668
:1066C00000212A46FFF79CFE0028EFD0012070BD74
:1066D000002070BD70B5044600688069800727D42B
:1066E00015460E46481C15D03EBB00BF2046002173
:1066F0002A46FFF785FE00281CBF012070BDFBF76E
:1067000047F920688169890729D580698007EDD517
:106710000EE000BF20464FF0FF312A46FFF770FE23
:1067200000281CBF012070BD206880698007F1D55A
:10673000002070BD80698007FAD4204631462A4681
:10674000FFF75EFE00281CBF012070BDFBF720F99B
:10675000411B2068B142EDD981698907EAD4606C98
:1067600040F020006064202084F84100002084F87C
:10677000420084F84000012070BD000080B582B066
:1067800040F68840C4F202400168002241F0010155
:1067900001600068012100F00100019001981B20B8
:1067A000FBF76AFD1B2002B0BDE88040FBF752BD3D
:1067B000B0B586B000200590CDE90300CDE9010019
:1067C00040F68C40C4F20240016840F2004441F0BF
:1067D000020101600068C4F2022400F0020000908F
:1067E000009820464FF4A06100224FF4A065FBF70B
:1067F000C9F8012002900220CDE9030001A920463A
:106800000195FAF7E3FF06B0B0BD00002DE9F043B3
:1068100087B0002740F68C400697CDE90477CDE994
:106820000277C4F20240016840F2004441F00101E5
:1068300001600168C4F2022401F001010191019993
:106840000168012241F00201016000684FF400512B
:1068500000F002000190019820464FF00108FBF77C
:1068600091F8A4F5806528464FF405410022FBF716
:1068700089F828464FF400710122FBF783F820467F
:1068800038210022FBF77EF84FF4805002AECDE9AC
:106890000207204631460497FAF798FF42F20800B3
:1068A000CDE902084FF00209204631460497CDF8A1
:1068B0001490FAF78BFF4FF40340CDE90208284605
:1068C0003146CDE90477FAF781FF4FF4806002A9E1
:1068D00081E80103284631460597FAF777FF102033
:1068E000CDE9020820463146CDE90477FAF76EFF7C
:1068F0002020CDE9020820463146CDE90489FAF787
:1069000065FF07B0BDE8F08380B540F2406045F216
:10691000004241F22603C2F200000021C4F200024C
:106920004FF0010CC7F2C803C0E90023C0E9021C04
:10693000C0E90411C0E906110162FBF779F80028EB
:1069400018BFF9F7E9FF40F24060C2F200000021F1
:10695000FBF724F8002818BFF9F7DEFF40F240608B
:10696000C2F200000021FBF73FF8002808BF80BDFD
:10697000BDE88040F9F7D0BF80B50020FBF736FBBB
:10698000002818BFF9F7C8FFFBF762FB002808BF13
:1069900080BDBDE88040F9F7BFBF000080B540F280
:1069A000946043F200034FF0060CC2F200004FF473
:1069B0008072C4F200030021C0E9003CC0E9022259
:1069C0000161FBF74FFB002808BF80BDBDE8804098
:1069D000F9F7A2BF10B588B040F2A86047F60003EF
:1069E0000024C2F20000C4F200437F214FF0804C2B
:1069F000C0E9003400F10803CDE90644CDE90444C0
:106A0000CDE90244FF2216C3C0E90544C0E907C42A
:106A10004462FDF781FA002818BFF9F77DFF40F2C4
:106A2000A860C2F2000001A90194CDE904440694D3
:106A3000FDF754FA002818BFF9F76EFF08B010BD33
:106A400080B540F2D86043F600034FF41641C2F21D
:106A50000000C4F20103C0E90031102100224FF010
:106A60000C0C81624FF48051C0E90222C0E9042C71
:106A7000C0E90622C0E90822C163FEF793F80028A6
:106A800018BFF9F749FF40F2D860C2F200000021B8
:106A9000FDF7FAFB002818BFF9F73EFF40F2D86077
:106AA000C2F200000021FDF7A9FB002818BFF9F78A
:106AB00033FF40F2D860C2F20000FDF77FFB0028F0
:106AC00008BF80BDBDE88040F9F726BF80B540F221
:106AD0006C7044F200434FF4E131C2F20000C4F2A2
:106AE0000003C0E90031102100224FF00C0C81623C
:106AF0004FF48051C0E90222C0E9042CC0E906220B
:106B0000C0E90822C163FEF74DF8002818BFF9F765
:106B100003FF40F26C70C2F200000021FDF7B4FBED
:106B2000002818BFF9F7F8FE40F26C70C2F20000BE
:106B30000021FDF763FB002818BFF9F7EDFE40F2D6
:106B40006C70C2F20000FDF739FB002808BF80BD61
:106B5000BDE88040F9F7E0BE80B540F6000044F69D
:106B600000034FF46121C2F20000C4F20003C0E947
:106B70000031102100224FF00C0C81624FF4805143
:106B8000C0E90222C0E9042CC0E90622C0E90822BB
:106B9000C163FEF707F8002818BFF9F7BDFE40F6FD
:106BA0000000C2F200000021FDF76EFB002818BFB4
:106BB000F9F7B2FE40F60000C2F200000021FDF736
:106BC0001DFB002818BFF9F7A7FE40F60000C2F22F
:106BD0000000FDF7F3FA002808BF80BDBDE8804043
:106BE000F9F79ABEFEE700002DE9F04792B040F2B7
:106BF000F238C2F200081546B8F800200446002A10
:106C000000F0BC8040F2F039C2F20009B9F800008F
:106C100045F6E80AA0EB0A000E4681B2002709AA51
:106C20002046099700F0C6F9099940F21C22C2F2E9
:106C30000002136811F480311CBF4FF4FA63022084
:106C4000591E002B04BF4FF4FA616FF001000228B7
:106C5000116040F0AF80B9F8000045F6E011401A2D
:106C600081B201AA2046082300F052F9B9F80000C9
:106C700045F62011401A81B209AA2046082300F0E7
:106C800047F9BDF82400BDF826103083BDF8040094
:106C900011AA28837183BDF80600BDF82810688307
:106CA000B183BDF80800BDF82A10A883F183BDF8B0
:106CB0000A00BDF82C10E8833182BDF80C00BDF845
:106CC0002E1028827182BDF80E00BDF83010688247
:106CD000B182BDF81000BDF83210A882F182BDF873
:106CE0001200BDF83410E8823181BDF81400BDF8FF
:106CF000361028817181BDF81600BDF83810688102
:106D0000B181BDF81800BDF83A10A881F181BDF835
:106D10001A00BDF83C10E8813180BDF81C00BDF8B8
:106D20003E1028807180BDF81E00BDF840106880BC
:106D3000B180BDF82000BDF84210A880F180BDF8F8
:106D40002200B9F80010E880A1EB0A0081B22046C9
:106D5000119700F02FF91198B9F8001020F4803243
:106D6000A1EB0A0081B22046119200F071FA0120D5
:106D7000A8F8007012B0BDE8F08700BF40F2F0360E
:106D8000C2F20006318845F6E807C91B002089B227
:106D9000099009AA204600F00DF9054609983188A6
:106DA00040F00102C81B81B22046099200F050FA5F
:106DB000284303D012B0BDE8F08700BF01270020B0
:106DC000A8F8007012B0BDE8F08700002DE9F0418E
:106DD00082B040F23436C2F2000604464FF0FF3172
:106DE0003568007A40F2120801910DF103024FF468
:106DF0006E510123C0F22F080127A84701AA20469F
:106E00004FF46E5100F0D6F80198404537D0356800
:106E1000207A0DF103024FF46E5101230127A84798
:106E200001AA20464FF46E5100F0C4F80198404585
:106E300025D03568207A0DF103024FF46E510123FD
:106E40000127A84701AA20464FF46E5100F0B2F87E
:106E50000198404513D03768207A0DF103024FF4B2
:106E60006E510123B84701AA20464FF46E5100F03D
:106E7000A1F80198A0EB0800B0FA80F047096FF084
:106E80000500002F18BF002002B0BDE8F08100000F
:106E900010B582B040F2A8544AF22D704AF2FD615A
:106EA0004AF29D524AF235534AF2F56CC2F200049E
:106EB000C0F60000C0F60001C0F60002C0F60003F4
:106EC000C0F6000C20606160A260C4E9033CCDF80C
:106ED00000C000F0C9F840F2EC14C2F2000444F221
:106EE0000001C5F60021204600F0CCF8204602B093
:106EF000BDE81040AFF3008040F2F031C2F2000173
:106F00000988021DA1F5B24189B200F053B8000012
:106F10002DE9F04381B040F234380D46C2F200084A
:106F200099000646D8F80040007ACFB229463B4681
:106F30009146A047D0B33046FFF748FF20B16FF02D
:106F4000020001B0BDE8F083D8F80040307A29464D
:106F50004A463B46A04748B33046FFF737FF002874
:106F6000EDD1D8F80040307A29464A463B46A04742
:106F7000E0B13046FFF72AFF0028E0D1D8F8004002
:106F8000307A29464A463B46A04778B13046FFF75B
:106F90001DFF0028D3D1307AD8F800C029464A46D0
:106FA0003B4601B0BDE8F043604700BF002001B0A0
:106FB000BDE8F0832DE9F04182B040F23437C2F2EF
:106FC000000706463C68007A904601AA04230D4655
:106FD000A047C8B33046FFF7F9FE28B16FF00200B2
:106FE00002B0BDE8F08100BF3C68307A01AA2946B2
:106FF0000423A04740B33046FFF7E8FE0028EDD158
:107000003C68307A01AA29460423A047E0B1304603
:10701000FFF7DCFE0028E1D13C68307A01AA29465E
:107020000423A04780B13046FFF7D0FE0028D5D119
:107030003F68307A01AA29460423B8470199C8F865
:10704000001002B0BDE8F08100200199C8F80010DE
:1070500002B0BDE8F081000040F23432C2F200021A
:10706000C2E900107047000070B5049E1C4615462A
:10707000FFF7F2FF40F23C30C2F20000C0E90054DA
:10708000866070BD2DE9F04F83B002680446002A87
:1070900088461CBF0120904740F23C35C2F20005F3
:1070A00040F2F0370020C2F200076968388041F2F0
:1070B00088308847216800291CBF002088476968FC
:1070C0004FF4FA608847216800291CBF01208847D7
:1070D00000206968388041F28830884702AA20463B
:1070E0004FF46E51FFF766FF02981221C0F22F0194
:1070F00088424BD0204645F2AA51382200F096F83B
:107100000646204643F6FC316FF00D0200F0A0F871
:10711000696806431E208847204640F68801012200
:1071200000F096F80643204643F61C21302200F07A
:107130008FF8398845F60422891A89B20643204619
:10714000424600F085F8398845F6FC02891A89B272
:1071500046EA00052046002200F07AF8398845F614
:107160007C02891A89B205432046002200F070F89B
:107170000543204640F60801012200F069F8284343
:107180001EBF6FF0020003B0BDE8F08F4FF630086D
:1071900040F2F03904F10C05002745F6FC0A45F6EB
:1071A0007C0BCFF6FF7801AEC2F20009B9F80000FF
:1071B0002A46A0EB0A0081B22046FFF7FBFEB9F891
:1071C00000100743A1EB0B0189B220463246FFF7BE
:1071D000F1FE01990743A5290ED02868A52813D0F0
:1071E00040F23C30C2F2000041680120884718F1AB
:1071F0000108DBD309E000BFA52040F2F031286090
:107200008020C2F20001088027B16FF0050003B0B2
:10721000BDE8F08F40F23C30C2F20000016832203D
:107220008847002003B0BDE8F08F000080B582B031
:1072300040F23433C2F20003D3F804C0007A8DF870
:1072400007200DF107020123E04702B080BD0000D6
:10725000F0B581B040F23437C2F2000705467E68CF
:10726000007A00926A4604230C46B047A0B3284631
:10727000FFF7ACFD20B16FF0020001B0F0BD00BF20
:107280007E68287A6A4621460423B04720B3284600
:10729000FFF79CFD0028EED17E68287A6A462146D9
:1072A0000423B047C0B12846FFF790FD0028E2D183
:1072B0007E68287A6A4621460423B04760B1284692
:1072C000FFF784FD0028D6D17F68287A6A462146D8
:1072D0000423B84701B0F0BD002001B0F0BD0000AC
:1072E000FEE7000070B540F24835C2F2000505F136
:1072F000500003F0D3F940F23446C2F20006D6E95A
:107300000302B5F85010801A884209D9B2698A423E
:1073100006D240F23021C2F20001096801290DD0E5
:10732000B5F8541088420BD9B069884208D240F2AF
:107330003020C2F200000068012801D1012000E0E5
:10734000002040F65414A5F85800C2F2000440F2A0
:10735000EC1004F12002C2F200002146FFF744FCC9
:10736000002800F0AD80012840F08480287F238E23
:1073700000F0FE002877D6E90702B16A9BB2801AB6
:107380000022994298BF0122668E98424FF0000376
:10739000B6B228BF012302EA030CB1424FF000034A
:1073A00098BF0123B0424FF0000628BF0126A28EED
:1073B000334092B20026914298BF012690424FF08E
:1073C00000029C4428BF0122E38E32409BB200267B
:1073D000994298BF012698424FF00003944428BF79
:1073E0000123228F334092B20026914298BF01269A
:1073F00090424FF000029C4428BF0122638F32402C
:107400009BB20CEB020699424FF0000298BF01229A
:1074100098424FF0000328BF01234FF0000C1340A7
:10742000A28F334492B20026914298BF0126904227
:107430004FF0000228BF0122E48F3240A6B21A4466
:10744000B1424FF0000198BF0121B0424FF000005F
:1074500028BF012085F80DC00840104300042DD03E
:1074600040F23420C2F200000068012826D1012039
:10747000E87225E0687B411C0428697320D3287FCB
:10748000002440F0010028770020C4F20224687331
:1074900020464FF480710022FAF774FA6420F9F75D
:1074A000B3FF20464FF480710122FAF76BFA4FF4D4
:1074B000FA70F9F7A9FFFFF7EBFC01E085F80BC0C4
:1074C000B5F85810E87A012918BF012806D12B7B9E
:1074D0000122AA7243B1012903D10DE00021A97252
:1074E00029730021297012E06B6B013328BF13460A
:1074F0006B632A730129F4D140F23421C2F20001F6
:107500000A680121002A297018BF0021A9700138DA
:10751000B0FA80F040096870E87070BD70470000F4
:107520000178A52916D14178032913D18178202922
:1075300018BF7047B0F80D1040F2BC52C2F2000202
:10754000B0F811301180B0F80710B0F80B0053807C
:107550009180D08070470000F0B581B040F2344097
:1075600040F2A435C2F20000C2F20005D0F808E0F3
:1075700029780EF120000129287125D1297EC2B277
:10758000914221D1AA7EEB7E697E5A4042402E7FF5
:107590004A40D2B2B24240F0BE8001F00101E9702F
:1075A00040F20001C2F200010A68E97F013A042AB0
:1075B000A87700F27680DFE802F06D0303747100B3
:1075C00001F0FC0102316CE040F2080CC2F2000C48
:1075D000BCF802000228A0F101022BD340F2EA001D
:1075E000FF230024C2F2000029190E7E734004F02C
:1075F000FC06C35C771CBA4215D94F7E02367B402D
:10760000C35CB2420FD98E7E734044F00306C35C64
:10761000F6B2B24207D9C97E04345940435C04F043
:10762000FC018A42E0D883F0FF00A918097E884255
:1076300005D070E00020A918097E88426BD19CF823
:107640000020687E012A09D100F0010180076963EA
:1076500054BF00200120286316E000BF00F004039F
:10766000012181EA9303AEF151072B6400F010036E
:1076700081EA1313B7FA87F77F097B408006AB6373
:107680005ABF0020E863E96382F001008CF8000033
:1076900041E000BF01F0FC0103E000BF01F0FC018C
:1076A000013140F24932C2F2000240F24833C2F2E4
:1076B000000312781B78D2B21A4318BF012201F0DE
:1076C000630141EAC21195F8202095F8213095F820
:1076D000226095F823405A40724062405040484032
:1076E00085F824001D20E97705F11E0702F022FF2E
:1076F00040F20040C4F2022020210122FAF742F9B0
:10770000012002F017FF40F2D860C2F200003946B3
:107710000722FDF767FF0020A860A861A88301B0D9
:10772000F0BD0000F0B581B040F20804C2F20004E0
:1077300004F11C064ECE04F1080C8CE84E00407A91
:10774000A1692F28616040F08B8003F001FD40F2B9
:10775000A437C2F20007787103F03CFDB87103F062
:1077600017FD03F01FFD7879002804BF0120A071E8
:10777000B879002804BF0120E07140F2C650C2F27F
:107780000000007810B1207A02E000BF01202072D2
:1077900014F8041F6278A378E5785140594066795F
:1077A00069404840A17970404840E179227A4840D8
:1077B000617A5040A27A4840E17A5040227B4840AA
:1077C000617B5040A27B4840E17B5040227C484096
:1077D000617C5040A27C484040F200455040C4F2D9
:1077E0000225E074284608210122FAF7CBF840F27E
:1077F0006C70C2F20000214614220523FDF71EFE24
:1078000028464FF400510022FAF7BCF840F2344405
:10781000C2F200047879D4F89010F97100B3B87905
:10782000F0B140F2FC10C2F2000000210170A5F599
:1078300080604FF4007101220125FAF7A3F803F0EC
:1078400001FAF87910B1012804D10225C4F890504A
:1078500003F00EFA01B0BDE8F040FAF749BD00BFF1
:1078600001B0F0BD018845F2AA52914240F09680E5
:107870000179012940F092802DE9F043B0F805101C
:1078800000F1090C81B14BF23C334BF23C4901F061
:10789000030E0429C0F60003C0F6000908D2FF2534
:1078A0006446FF212DE000BFFF21FF254AE000BF15
:1078B00021F003080027FF256446FF2114F8046B1C
:1078C000EDB275405E5D14F8032CC9B271405140B1
:1078D00019F805505A5C14F8026C6A40724019F8A5
:1078E00001109D5C14F8016C69407140043719F86F
:1078F00002205D5CBEB219F80110464585EA02051A
:10790000DCD1BEF1000F1DD02278EDB26A409D5C43
:10791000BEF1010F85EA010519F8021012D0627854
:10792000EDB26A409D5CBEF1020F85EA010519F8CF
:10793000021007D0A278EFB27A409B5C83EA01057F
:1079400019F80210EAB242EA012340F23442C2F2CC
:107950000002B0F8077040F23C215268C2F2000108
:107960008F80112ACB80BDE8F04307D0332A03D0A3
:10797000222A05D1022202E0032200E001228A70BD
:10798000BCF800100139062988BF7047DFE801F014
:10799000040C080A06060E00FEF7C4B8704700BFC4
:1079A000FDF7E2BEFEF7A6BAFEF754B9FEF758BCE3
:1079B00070B540F62C46C4F2024656F82C1C04461C
:1079C00021F0806046F82C0CF9F7E2FF054600BF75
:1079D00056F82C0C000105D5F9F7DAFF401B0228F8
:1079E000F6D958E0306843F60371884394E80E00F6
:1079F000084340EA0220E16830604FF47E4202EB27
:107A000041212269581E4FF4FE0389B203EB024262
:107A10006FF35F20084402F4FE0162694FF0FE43F9
:107A200003EB0262084402F0FE4108443061306812
:107A3000A16920F00C00084330603068E16920F053
:107A4000200008433060606A316808433060306865
:107A50004FF6F87120F0100030607069226A884398
:107A600040EAC2007061306840F01000306056F8A3
:107A70002C0C40F0806046F82C0CF9F789FF044686
:107A800056F82C0C000144BF002070BDF9F780FFB0
:107A9000001B0328F4D3032070BD000080B540F222
:107AA000A430C2F20000411C40F2D860C2F20000D3
:107AB0000122FDF72DFB022002F03CFD40F20040C8
:107AC000C4F2022020210022F9F75CFF0220BDE869
:107AD000804002F02FBD000070B547F60C06C4F2DE
:107AE00000463168044621F080013160F168890662
:107AF00018D4306820F020003060F9F749FF0546BF
:107B00003068800630D4F9F743FF401BB0F57A7F28
:107B1000F6D93068800627D4032084F82D0084F835
:107B20002D0070BDF06820F02000F060306820F07B
:107B300020003060F9F72CFF054600BF3068800652
:107B400014D4F9F725FF401BB0F57A7FF6D93068D9
:107B500080060BD4032084F82D0084F82D00F168F2
:107B600041F02001F16070BD002070BD0020F1687F
:107B700041F02001F16070BD7047000080B5FAF758
:107B8000C9FABDE88040FCF717BB000010B59CB0F7
:107B900040F6140408A85021C4F20244F8F7C4FBCC
:107BA0000020CDE90600CDE90400CDE9020054F83B
:107BB000040C40F0300044F8040C54F8040C00F0BD
:107BC0003000019001982068000709D42068000760
:107BD0005CBF20685FEA007002D420680007F2D51D
:107BE000182008904FF080600E904FF480700F9036
:107BF000202001211090022014917D21CDE9120056
:107C0000CDE91510CDE9170008201990002408A827
:107C1000CDE91A44FBF740FE10B172B6FEE700BF93
:107C20001F2002900320CDE9030402A80521CDE91D
:107C300005440794FBF7E6FB10B172B6FEE700BF00
:107C400042F20000C4F202000168022262F3051150
:107C500001601CB010BD00004EF6885CCEF2000C36
:107C6000DCF80000012240F47000CCF8000040F67F
:107C70000040C4F2024002600022C2610262036856
:107C80004EF6E321CFF6E2211940016040F2802157
:107C9000C0F201118262C26241638263C163026405
:107CA000016821F48021016002654FF0006142F219
:107CB0001C00C4F202004CF8801C50F8041C4A0F4F
:107CC000062A05D801F06041B1F1404F18BF704756
:107CD0000168C9070BD042F63B21C0F6190140F8F4
:107CE000101C46F67F61C4F65D4140F8101C016827
:107CF00041F002010160016841F00101016070473B
:107D000010B540F2D86043F600034EF64804C2F2C4
:107D10000000C4F20103C0F201044FF48051C0E935
:107D2000003400F1080300224FF4806C4FF00C0E79
:107D300083E806501023C0E90622C0E908228362C6
:107D4000C163FCF72FFF002818BFF8F7E5FD40F2EC
:107D5000D860C2F200000021FCF796FA002818BF94
:107D6000F8F7DAFD40F2D860C2F200000021FCF71B
:107D700045FA002818BFF8F7CFFD40F2D860C2F2EC
:107D80000000FCF71BFA002808BF10BDBDE810403A
:107D9000F8F7C2BD10B540F26C7044F200434EF6E5
:107DA0004804C2F20000C4F20003C0F201044FF420
:107DB0008051C0E9003400F1080300224FF4806CC8
:107DC0004FF00C0E83E806501023C0E90622C0E9EC
:107DD00008228362C163FCF7E5FE002818BFF8F7AC
:107DE0009BFD40F26C70C2F200000021FCF74CFADF
:107DF000002818BFF8F790FD40F26C70C2F2000046
:107E00000021FCF7FBF9002818BFF8F785FD40F2C8
:107E10006C70C2F20000FCF7D1F9002808BF10BD59
:107E2000BDE81040F8F778BD816A0A070CD4CA078C
:107E300015D18A071ED44A0727D4CA0630D48A0629
:107E400039D44A0642D457E00268D0F838C05368A3
:107E500023F4004343EA0C035360CA07E9D00268E5
:107E6000D0F82CC0536823F4003343EA0C0353606A
:107E70008A07E0D50268D0F830C0536823F4803315
:107E800043EA0C0353604A07D7D50268D0F834C0E0
:107E9000536823F4802343EA0C035360CA06CED50B
:107EA0000268D0F83CC0936823F4805343EA0C0383
:107EB00093608A06C5D50268D0F840C0936823F461
:107EC000005343EA0C0393604A0615D5D0F800C06E
:107ED000436CDCF80420B3F5801F22F4801242EAE0
:107EE0000302CCF8042007D1DCF80420836C22F4D0
:107EF000C0021A43CCF80420090658BF7047016835
:107F0000C06C4A6822F400221043486070470000A9
:107F1000B0B582B004460020C4F89000F9F738FDEF
:107F2000216805460A68120737D56FF07E4C204657
:107F30004FF4001100222B46CDF800C001F06EFB7B
:107F400050B300BF206850E8000F216820F0800087
:107F500041E80002DAB1206850E8000F216820F003
:107F6000800041E8000292B1206850E8000F2168CB
:107F700020F0800041E800024AB1206850E8000F7C
:107F8000216820F0800041E80002002ADAD10320B5
:107F9000202188226BE000BF2168086840075DD57A
:107FA0006FF07E4C20464FF4800100222B46CDF826
:107FB00000C001F033FB002850D000BF206850E81B
:107FC000000F216820F4907041E80002BAB32068E5
:107FD00050E8000F216820F4907041E8000272B36D
:107FE000206850E8000F216820F4907041E80002FA
:107FF0002AB3206850E8000F216820F4907041E80F
:108000000002002ADAD11AE0206850E8020F216845
:1080100020F0010041E80202DAB1206850E8020FC6
:10802000216820F0010041E8020292B1206850E886
:10803000020F216820F0010041E802024AB12068E5
:1080400050E8020F216820F0010041E80202002AF6
:10805000DAD1032020218C2209E000BF2020C4F8BF
:108060008800C4F88C00002170220020E166A15035
:10807000002184F8841002B0B0BD0000C06D002162
:10808000A0F85E10FCF7B0BAC06D0268D0F8883076
:10809000D0F88CC09168090653D5212B51D100210D
:1080A000A0F85610016851E8001F026821F0C001D5
:1080B00042E80013BBB3016851E8001F026821F0D9
:1080C000C00142E8001373B3016851E8001F026861
:1080D00021F0C00142E800132BB3016851E8001FF2
:1080E000026821F0C00142E80013002BDAD11AE047
:1080F000016851E8021F026821F4000142E80213FE
:10810000DBB1016851E8021F026821F4000142E876
:10811000021393B1016851E8021F026821F40001C3
:1081200042E802134BB1016851E8021F026821F4D2
:10813000000142E80213002BDAD12021C0F8881098
:1081400002689168490640F18480BCF1220F40F03A
:1081500080800021A0F85E10016851E8001F0268CD
:1081600021F4907142E80013DBB1016851E8001F6F
:10817000026821F4907142E8001393B1016851E85C
:10818000001F026821F4907142E800134BB10168AE
:1081900051E8001F026821F4907142E80013002B9F
:1081A000DAD14FF6FE7CCEF6FF7C00BF026852E8C3
:1081B000022F036802EA0C0243E80221D9B10168E8
:1081C00051E8021F026801EA0C0142E8021393B170
:1081D000016851E8021F026801EA0C0142E802133B
:1081E0004BB1016851E8021F026801EA0C0142E844
:1081F0000213002BDAD1C16E012924D1016851E8A4
:10820000001F026821F0100142E80013DBB1016891
:1082100051E8001F026821F0100142E8001393B1F9
:10822000016851E8001F026821F0100142E80013C4
:108230004BB1016851E8001F026821F0100142E8CB
:108240000013002BDAD12021C0F88C100021C16668
:108250004167D0F8901041F01001C0F89010FCF781
:10826000C3B90000016DC06D81297AD00021A0F84A
:108270005E1000BF016851E8001F026821F48071A0
:1082800042E80013BBB3016851E8001F026821F403
:10829000807142E8001373B3016851E8001F02685F
:1082A00021F4807142E800132BB3016851E8001FEC
:1082B000026821F4807142E80013002BDAD11AE041
:1082C000016851E8021F026821F0010142E802132F
:1082D000DBB1016851E8021F026821F0010142E8A8
:1082E000021393B1016851E8021F026821F00101F5
:1082F00042E802134BB1016851E8021F026821F005
:10830000010142E80213002BDAD12021C0F88C10C1
:10831000C16E012925D100BF016851E8001F026824
:1083200021F0100142E80013DBB1016851E8001FA1
:10833000026821F0100142E8001393B1016851E88E
:10834000001F026821F0100142E800134BB10168E0
:1083500051E8001F026821F0100142E80013002BD1
:10836000DAD100210167C16E012918BFFCF730BFC7
:10837000B0F85C10FBF73EBFC06D01210167C16E14
:10838000012918BFFDF758B8B0F85C104908FBF791
:1083900031BF0000B0F860200168D0F88C30222B8B
:1083A00040F0CC80496A836D114023F8021B83653D
:1083B000B0F85E100139A0F85E10B0F85E10002928
:1083C00018BF7047016851E8001F026821F49071DE
:1083D00042E80013E3B1016851E8001F026821F48C
:1083E000907142E800139BB1016851E8001F0268D8
:1083F00021F4907142E8001353B1016851E8001F65
:10840000026821F4907142E80013002BDAD100BF1A
:10841000016851E8021F026821F0010142E80213DD
:10842000DBB1016851E8021F026821F0010142E856
:10843000021393B1016851E8021F026821F00101A3
:1084400042E802134BB1016851E8021F026821F0B3
:10845000010142E80213002BDAD12021C0F88C1070
:10846000002141670167016842F20042C4F2004204
:10847000914202D04968090236D4C16E012918BF61
:10848000FCF7A6BE0021C166016851E8001F026822
:1084900021F0100142E80013DBB1016851E8001F30
:1084A000026821F0100142E8001393B1016851E81D
:1084B000001F026821F0100142E800134BB101686F
:1084C00051E8001F026821F0100142E80013002B60
:1084D000DAD10168CA69D20644BF10220A62B0F834
:1084E0005C10FBF787BE00BF016851E8001F0268FF
:1084F00021F0806142E80013002BBED0016851E8F2
:10850000001F026821F0806142E80013002BB4D004
:10851000016851E8001F026821F0806142E8001301
:10852000002BAAD0016851E8001F026821F0806189
:1085300042E80013002BD7D19FE700BF886940F0C5
:1085400008008861704700002DE9F04F81B00446B3
:108550000068B4F86050C66901688268D4F88C304D
:10856000222B40F04381B4F86800002800F0E4803A
:1085700001F4807802F001074FF000094FF0020B80
:108580004FF0010A04E000BFB4F85E0000285CD0A0
:10859000B00640F1D1802068A16D426A2A4021F8DE
:1085A000022BA165B4F85E100139A4F85E10C6690B
:1085B0007107E9D0F20718BFB8F1000F02D1B20776
:1085C0000AD412E0C0F820A0D4F8902042F00102B2
:1085D000C4F89020B20708D53FB1C0F820B0D4F855
:1085E000902042F00402C4F89020002908D53FB141
:1085F00004210162D4F8900040F00200C4F8900019
:10860000D4F890000028BFD02046FBF7EDFFC4F857
:108610009090B9E7206850E8000F216820F480703E
:1086200041E80002DAB1206850E8000F216820F428
:10863000807041E8000292B1206850E8000F216884
:1086400020F4807041E800024AB1206850E8000F31
:10865000216820F4807041E80002002ADAD14FF648
:10866000FE70CEF6FF7000BF216851E8021F22683D
:10867000014042E80213C3B1216851E8021F226899
:10868000014042E8021383B1216851E8021F2268C9
:10869000014042E8021343B1216851E8021F2268F9
:1086A000014042E80213002BDED12020C4F88C00E8
:1086B000002060672067206842F20041C4F2004158
:1086C000884203D04068000200F19880E06E0128E3
:1086D00040F0C0800020E066206850E8000F21686C
:1086E00020F0100041E80002DAB1206850E8000FE5
:1086F000216820F0100041E8000292B1206850E8A3
:10870000000F216820F0100041E800024AB1206803
:1087100050E8000F216820F0100041E80002002A14
:10872000DAD12068C169C90644BF10210162B4F8DA
:108730005C102046FBF75EFDB4F85E00002852D0C6
:10874000B4F8681088424ED2206850E8020F2168C1
:1087500020F0805041E80202DAB1206850E8020FB0
:10876000216820F0805041E8020292B1206850E870
:10877000020F216820F0805041E802024AB12068CF
:1087800050E8020F216820F0805041E80202002AE0
:10879000DAD148F29530C0F600006067206850E8F2
:1087A000000F216840F0200041E80002DAB12068A3
:1087B00050E8000F216840F0200041E8000292B12B
:1087C000206850E8000F216840F0200041E80002D6
:1087D0004AB1206850E8000F216840F0200041E8CD
:1087E0000002002ADAD101B0BDE8F08F816941F0C2
:1087F0000801816101B0BDE8F08F00BF206850E83A
:10880000000F216820F0806041E80002002A3FF458
:108810005DAF206850E8000F216820F0806041E8DB
:108820000002002A3FF452AF206850E8000F216890
:1088300020F0806041E80002002A3FF447AF206842
:1088400050E8000F216820F0806041E80002002A13
:10885000D4D13BE72046FCF7BBFCB4F85E0000280F
:108860007FF46EAFBFE70000B0F860100268D0F888
:108870008C30222B40F0CE80526A836D11401970EB
:10888000816D01318165B0F85E100139A0F85E108C
:10889000B0F85E10002918BF704700BF016851E8AA
:1088A000001F026821F4907142E80013E3B10168EF
:1088B00051E8001F026821F4907142E800139BB157
:1088C000016851E8001F026821F4907142E800132A
:1088D00053B1016851E8001F026821F4907142E829
:1088E0000013002BDAD100BF016851E8021F0268B3
:1088F00021F0010142E80213DBB1016851E8021FD7
:10890000026821F0010142E8021393B1016851E8C5
:10891000021F026821F0010142E802134BB1016815
:1089200051E8021F026821F0010142E80213002B06
:10893000DAD12021C0F88C1000214167016701685D
:1089400042F20042C4F20042914202D04968090258
:1089500036D4C16E012918BFFCF73ABC0021C166AC
:10896000016851E8001F026821F0100142E800137D
:10897000DBB1016851E8001F026821F0100142E8F4
:10898000001393B1016851E8001F026821F0100143
:1089900042E800134BB1016851E8001F026821F062
:1089A000100142E80013002BDAD10168CA69D2062F
:1089B00044BF10220A62B0F85C10FBF71BBC00BF7A
:1089C000016851E8001F026821F0806142E800134D
:1089D000002BBED0016851E8001F026821F08061C1
:1089E00042E80013002BB4D0016851E8001F026870
:1089F00021F0806142E80013002BAAD0016851E801
:108A0000001F026821F0806142E80013002BD7D1DB
:108A10009FE700BF906940F0080090617047000038
:108A20002DE9F04F81B004460068B4F86050C66983
:108A300001688268D4F88C30222B40F04581B4F86C
:108A40006800002800F0E68001F4807B02F0010756
:108A50004FF000084FF0020A4FF0010904E000BF98
:108A6000B4F85E0000285ED0B00640F1D3802068E4
:108A7000A16D406A28400870A16D20680131A16590
:108A8000B4F85E100139A4F85E10C6697107E7D02A
:108A9000F20718BFBBF1000F02D1B2070AD412E0EF
:108AA000C0F82090D4F8902042F00102C4F8902041
:108AB000B20708D53FB1C0F820A0D4F8902042F00A
:108AC0000402C4F89020002908D53FB104210162B6
:108AD000D4F8900040F00200C4F89000D4F8900060
:108AE0000028BDD02046FBF77FFDC4F89080B7E793
:108AF000206850E8000F216820F4807041E80002EF
:108B0000DAB1206850E8000F216820F4807041E855
:108B1000000292B1206850E8000F216820F48070B4
:108B200041E800024AB1206850E8000F216820F4B3
:108B3000807041E80002002ADAD14FF6FE70CEF6CE
:108B4000FF7000BF216851E8021F2268014042E81F
:108B50000213C3B1216851E8021F2268014042E8B4
:108B6000021383B1216851E8021F2268014042E8E4
:108B7000021343B1216851E8021F2268014042E814
:108B80000213002BDED12020C4F88C000020606787
:108B90002067206842F20041C4F20041884203D0BD
:108BA0004068000200F19880E06E012840F0C0802B
:108BB0000020E066206850E8000F216820F01000D7
:108BC00041E80002DAB1206850E8000F216820F087
:108BD000100041E8000292B1206850E8000F2168BF
:108BE00020F0100041E800024AB1206850E8000F70
:108BF000216820F0100041E80002002ADAD1206844
:108C0000C169C90644BF10210162B4F85C10204656
:108C1000FBF7F0FAB4F85E00002852D0B4F8681000
:108C200088424ED2206850E8020F216820F0805020
:108C300041E80202DAB1206850E8020F216820F012
:108C4000805041E8020292B1206850E8020F21688A
:108C500020F0805041E802024AB1206850E8020F3B
:108C6000216820F0805041E80202002ADAD148F65B
:108C70006900C0F600006067206850E8000F2168B6
:108C800040F0200041E80002DAB1206850E8000F0F
:108C9000216840F0200041E8000292B1206850E8CD
:108CA000000F216840F0200041E800024AB120682E
:108CB00050E8000F216840F0200041E80002002A3F
:108CC000DAD101B0BDE8F08F816941F0080181611E
:108CD00001B0BDE8F08F00BF206850E8000F2168A8
:108CE00020F0806041E80002002A3FF45DAF206878
:108CF00050E8000F216820F0806041E80002002A5F
:108D00003FF452AF206850E8000F216820F08060E7
:108D100041E80002002A3FF447AF206850E8000F06
:108D2000216820F0806041E80002002AD4D13BE7AE
:108D30002046FCF74DFAB4F85E0000287FF46EAFD1
:108D4000BFE7000070B50446D4E9033201688068CB
:108D5000E669104362690D68104346F6F312CCF6DB
:108D6000FF722A40104330430860486842F20042D4
:108D700020F4405018434860A069C4F20042914278
:108D80001CBF236A18438B684FF2FF45C1F2FF15E1
:108D90002B4018438860C86A636A20F00F001843AC
:108DA00043F2FF73C4F201039942C86210DC44F23B
:108DB0000040C4F20000814200F08A8044F60000C6
:108DC000C4F2000081423BD1042091423BD10CE02F
:108DD00043F60000C4F20100814200F07D80914220
:108DE0002ED14FF4805091422DD10021F9F726FC6D
:108DF000002862D0616A4BF22432C0F6000232F8D9
:108E000011106268B0FBF1F102EB420081424FF0B9
:108E1000010056D31303994253D808020B0E10EBEE
:108E2000520043F100010023F7F734FA4FF60052E5
:108E3000A0F54071C0F20F02914241D23BE000BF69
:108E400000209142D1D00021F9F7F8FBB6F5004F90
:108E50001CD190B3616A4BF22432C0F6000232F8A2
:108E600011106268B0FBF1F0510801EB4000B0FB5B
:108E7000F2F04FF6EF72A0F11001914220D84FF6B8
:108E8000F071C0F342020840104414E0A8B1616AD6
:108E90004BF22432C0F6000232F811106268B0FBC7
:108EA000F1F000EB5200B0FBF2F04FF6EF72A0F1E0
:108EB0001001914204D82168C860002001E000BF81
:108EC00001204FF00111A1660021C4E91D1170BD00
:108ED00002209142B7D188E701209142B3D184E7C3
:108EE000B0B5002504468165A0F85C20C0F890501C
:108EF0002220C4F88C00D4F8800000283ED048F22C
:108F0000652C48F2793EC0F6000CC0F6000EA3684E
:108F1000C0E918CE48F2890CC0F6000CB3F5805FAA
:108F2000C0F868C0C56604D12369B3FA83F35B094E
:108F30009A4090F850301B060AD4256893B205F188
:108F4000240C0A466146F8F70BFA78B916E000BF20
:108F5000436F5BB11B684BB192B225689A6005F113
:108F60002402C3E90321F7F7CBFF38B11020C4F87E
:108F700090002020C4F88C000120B0BD206928B3E7
:108F8000206850E8000F216840F4807041E800023A
:108F9000E2B1206850E8000F216840F4807041E899
:108FA00000029AB1206850E8000F216840F48070F8
:108FB00041E8000252B1206850E8000F216840F4F7
:108FC000807041E80002002ADAD100BF206850E832
:108FD000020F216840F0010041E80202BAB32068A4
:108FE00050E8020F216840F0010041E8020272B32C
:108FF000206850E8020F216840F0010041E80202B9
:109000002AB3206850E8020F216840F0010041E8CF
:109010000202002ADAD11AE0206850E8020F216823
:1090200040F0400041E80202DAB1206850E8020F47
:10903000216840F0400041E8020292B1206850E807
:10904000020F216840F0400041E802024AB1206866
:1090500050E8020F216840F0400041E80202002A77
:10906000DAD10020B0BD00008165A0F85C20A0F836
:109070005E2081680023436771B1B1F1805F07D042
:10908000B1F5805F0ED1016951B940F2FF110AE0DC
:10909000016919B13F2106E0016909B17F2102E0B0
:1090A000FF2100E00021A0F860100021C0F890101E
:1090B0002221C0F88C1000BF016851E8021FD0F8CF
:1090C00000C041F001014CE80213F3B1016851E81E
:1090D000021FD0F800C041F001014CE80213A3B117
:1090E000016851E8021FD0F800C041F001014CE8CE
:1090F000021353B1016851E8021FD0F800C041F0DB
:1091000001014CE80213002BD6D1416EB1F1005F92
:1091100003D1B0F868108A4240D282680169B2F582
:10912000805F07D1002947D048F66901C0F60001E9
:10913000416707E048F66902C0F60002002942676D
:1091400040D000BF016851E8001F026841F49071EF
:1091500042E80013002B00F0B680016851E8001FC0
:10916000026841F4907142E80013002B00F0AB80DC
:10917000016851E8001F026841F4907142E8001351
:10918000002B00F0A080016851E8001F026841F444
:10919000907142E80013002BD4D194E082680169F9
:1091A000B2F5805F38D1002962D048F62121C0F69F
:1091B0000001416736E000BF48F29531C0F600017A
:1091C000416700BF016851E8001F026841F02001BB
:1091D00042E80013002B76D0016851E8001F0268B6
:1091E00041F0200142E80013002B6CD0016851E8E7
:1091F000001F026841F0200142E80013002B62D0FA
:10920000016851E8001F026841F0200142E80013A4
:10921000002BD7D157E000BF48F62122C0F600024C
:10922000426759B3016851E8001F026841F4807138
:1092300042E8001313B3016851E8001F026841F4CB
:10924000807142E80013CBB1016851E8001F026849
:1092500041F4807142E8001383B1016851E8001FB6
:10926000026841F4807142E80013002BDAD105E076
:1092700048F24951C0F60001416700BF016851E85A
:10928000021F026841F0805142E80213DBB101681D
:1092900051E8021F026841F0805142E8021393B185
:1092A000016851E8021F026841F0805142E8021350
:1092B0004BB1016851E8021F026841F0805142E859
:1092C0000213002BDAD1002070470000D0F888107C
:1092D00021290FD1B0F8561071B1016D036831F832
:1092E000022B6FF35F229A620165B0F856100139C4
:1092F000A0F85610704700BF016851E8001F0268CF
:1093000021F0800142E800138BB3016851E8001F8F
:10931000026821F0800142E8001343B3016851E87C
:10932000001F026821F0800142E80013FBB10168D0
:1093300051E8001F026821F0800142E80013002B71
:10934000DAD114E0016851E8001F026841F04001E1
:1093500042E80013002B08BF7047016851E8001F66
:10936000026841F0400142E80013002BC2D00168BE
:1093700051E8001F026841F0400142E80013002B51
:10938000B8D0016851E8001F026841F0400142E88E
:109390000013002BD6D1ADE7D0F8881021296AD16F
:1093A000B0F86A1019B966E001390A0463D0B0F860
:1093B00056209AB10268D3691B06F5D5D0F850C083
:1093C0003CF8023B6FF35F239362C0F850C0B0F8E3
:1093D0005620013AA0F85620E6E700BF016851E8A0
:1093E000021F026821F4000142E8021383B30168FE
:1093F00051E8021F026821F4000142E802133BB366
:10940000016851E8021F026821F4000142E80213DA
:10941000F3B1016851E8021F026821F4000142E83B
:109420000213002BDAD113E0016851E8001F026833
:1094300041F0400142E80013002B08BF704701686B
:1094400051E8001F026841F0400142E8001393B167
:10945000016851E8001F026841F0400142E8001332
:109460004BB1016851E8001F026841F0400142E839
:109470000013002BD8D17047D0F8881021290DD1C6
:10948000B0F8561061B1016D036811F8012B9A62B2
:109490000165B0F856100139A0F85610704700BFAA
:1094A000016851E8001F026821F0800142E80013C2
:1094B0008BB3016851E8001F026821F0800142E887
:1094C000001343B3016851E8001F026821F08001D6
:1094D00042E80013FBB1016851E8001F026821F067
:1094E000800142E80013002BDAD114E0016851E852
:1094F000001F026841F0400142E80013002B08BF42
:109500007047016851E8001F026841F0400142E8DD
:109510000013002BC2D0016851E8001F026841F01F
:10952000400142E80013002BB8D0016851E8001F49
:10953000026841F0400142E80013002BD6D1ADE7AC
:10954000D0F88810212968D1B0F86A1019B964E000
:1095500001390A0461D0B0F856208AB10268D36993
:109560001B06F5D5D0F850C01CF8013B9362C0F83B
:1095700050C0B0F85620013AA0F85620E8E700BFE6
:10958000016851E8021F026821F4000142E8021359
:1095900083B3016851E8021F026821F4000142E828
:1095A00002133BB3016851E8021F026821F4000175
:1095B00042E80213F3B1016851E8021F026821F486
:1095C000000142E80213002BDAD113E0016851E8F0
:1095D000001F026841F0400142E80013002B08BF61
:1095E0007047016851E8001F026841F0400142E8FD
:1095F000001393B1016851E8001F026841F0400177
:1096000042E800134BB1016851E8001F026841F0C5
:10961000400142E80013002BD8D170472DE9F041FA
:10962000804600681546C2690E461140891BB1FA92
:1096300081F149098D4223D1069C2CB3611C29D1AB
:10964000C1693140891BB1FA81F149098D4217D1B5
:10965000C1693140891BB1FA81F149098D420FD1AD
:10966000C1693140891BB1FA81F149098D4207D1A5
:10967000C1693140891BB1FA81F149098D42DFD0BE
:109680000020BDE8F08100BFF8F782F90320BDE8B3
:10969000F08100BF1F4607E0C0693040801BB0FA70
:1096A00080F040098542EBD1F8F772F9C01BA04267
:1096B00084BF0320BDE8F081D8F8000001684907A5
:1096C000EAD5402E18BF802EE6D0C169090700F107
:1096D000A180C1690905DFD54FF400610162D8F8A6
:1096E000000050E8000FD8F8001020F4907041E816
:1096F00000020AB3D8F8000050E8000FD8F80010B4
:1097000020F4907041E80002B2B1D8F8000050E8AF
:10971000000FD8F8001020F4907041E800025AB110
:10972000D8F8000050E8000FD8F8001020F490702E
:1097300041E80002002AD2D14FF6FE70CEF6FF704B
:10974000D8F8001051E8021FD8F80020014042E884
:109750000213F3B1D8F8001051E8021FD8F8002026
:10976000014042E80213A3B1D8F8001051E8021FEB
:10977000D8F80020014042E8021353B1D8F8001095
:1097800051E8021FD8F80020014042E80213002BE4
:10979000D6D1D8F86C0001282CD1D8F8000050E8B8
:1097A000000FD8F8001020F0100041E800020AB3C2
:1097B000D8F8000050E8000FD8F8001020F0100092
:1097C00041E80002B2B1D8F8000050E8000FD8F824
:1097D000001020F0100041E800025AB1D8F8000053
:1097E00050E8000FD8F8001020F0100041E8000207
:1097F000002AD2D120200021C8F88C00C8F86C10B3
:10980000C8F87410C8F89000032088F88410BDE8E8
:10981000F08100BF08210162D8F8000050E8000F75
:10982000D8F8001020F4907041E800020AB3D8F88C
:10983000000050E8000FD8F8001020F4907041E8C4
:109840000002B2B1D8F8000050E8000FD8F80010BC
:1098500020F4907041E800025AB1D8F8000050E8B6
:10986000000FD8F8001020F4907041E80002002AA0
:10987000D2D14FF6FE70CEF6FF70D8F8001051E846
:10988000021FD8F80020014042E80213F3B1D8F8D3
:10989000001051E8021FD8F80020014042E80213EE
:1098A000A3B1D8F8001051E8021FD8F800200140F9
:1098B00042E8021353B1D8F8001051E8021FD8F85B
:1098C0000020014042E80213002BD6D1D8F86C00EA
:1098D00001282CD1D8F8000050E8000FD8F800106B
:1098E00020F0100041E800020AB3D8F8000050E868
:1098F000000FD8F8001020F0100041E80002B2B1CB
:10990000D8F8000050E8000FD8F8001020F0100040
:1099100041E800025AB1D8F8000050E8000FD8F82A
:10992000001020F0100041E80002002AD2D12020CF
:10993000C8F88C0000200821C8F86C00C8F8740032
:10994000C8F8901088F884000120BDE8F08100007C
:1099500040F2D860C2F20000FAF748BE40F26C70E4
:10996000C2F20000FAF742BEB0B540F60004C2F2FF
:1099700000042046FAF73AFE2068C169C90658BFBC
:10998000B0BD102101622046FAF7C8FCD4F880006F
:109990000068806C82B2C0F11E0140F69410C2F2E1
:1099A0000000018040F294201E2AC2F2000001D182
:1099B000172103E0027889B2A52A0FD1FDF7B0FD87
:1099C00040F6000040F29421C2F20000C2F2000111
:1099D0001E22BDE8B040FBF745BB00BF0229EFD314
:1099E000C1F1010C0A1FC1F1000E002406E000BF06
:1099F00004341CEB0401A2F10402E1D001194B78FC
:109A0000A52B02D1D31C172B1AD20EEB04039D1CDD
:109A1000D6D08D78A52D02D1951C162D12D8DD1C1F
:109A2000CED0CD78A52D02D1551C162D0CD80433DF
:109A3000C6D00B79A52BDBD1162AD9D9081DB7E7DB
:109A4000481CB5E7881CB3E7C81CB1E740F2D43125
:109A5000C2F20001086968B940F2A730C2F2000002
:109A6000007838B940F22820C2F20000012141609C
:109A7000704700BF40F22820C2F2000002780023A5
:109A8000042A436028D8DFE802F0032311190900F3
:109A9000CA68012A22D1012101707047CA680423D3
:109AA00043708AB301210170704700BF8A680223A6
:109AB0004370CAB103210170704700BF09680322D7
:109AC000427049B10421017000210161704700BF5B
:109AD000496801224270D9B9704700BF8A68012ADB
:109AE00008D103210170704709680029F4D00421CE
:109AF000017070474A68012A0AD00A680121012AC8
:109B000008BF0421017070474968002908BF7047E9
:109B10000221017070470000FEE700004EF60C5075
:109B2000BFF34F8FCEF200000168042201F4E06120
:109B3000C0F2FA5211430160BFF34F8F00BF00BF64
:109B400000BF00BFFAE7000070B540F24835C2F22E
:109B5000000595F90B00B5F85810A88205F15000E2
:109B6000E98200F09BFD40F23446C2F20006D6E9DD
:109B70000D13B5F85020306CC91A914204D99042A7
:109B800002D201200EE000BFB5F85420002392B2AB
:109B900091424FF0000188BF0121904238BF01235C
:109BA00001EA030040F65414A5F85800C2F200047C
:109BB00040F2EC1004F12002C2F200002146FDF751
:109BC00013F8002800F0C080012829D1297F002047
:109BD00001F0FE03F16C228C6873706C91422B775C
:109BE00003D8336D1B1A934244D2628C914203D83E
:109BF000736D1B1A93423DD2A28C914203D8B36D70
:109C00001B1A934236D2E28C914203D8F36D1B1A91
:109C100093422FD24FF0000C238D99422FD932E07E
:109C2000687B411C04286973C0F08E80287F002463
:109C300040F0010028770020C4F202246873204617
:109C40004FF480710022F7F79DFE6420F7F7DCFBEC
:109C500020464FF480710122F7F794FE4FF4FA701A
:109C6000F7F7D2FBFDF714F9E97AB5F858000029A7
:109C70006ED070E04FF0010C238D994203D8326E04
:109C8000121A9A421AD2638D994203D8726E121A2E
:109C90009A4213D2A38D994203D8B26E121A9A42F5
:109CA0000CD2E38D994205D8F26E121A9A4228BF5F
:109CB0004FF0010C238E994205D908E04FF0010CBA
:109CC000238E994203D8326F121A9A421AD2638EA7
:109CD000994203D8726F121A9A4213D2A38E9942F4
:109CE00003D8B26F121A9A420CD2E38E994203D86B
:109CF000F26F121A9A4205D28CF0010C238F99420E
:109D000005D909E04FF0000C238F994204D8D6F80A
:109D10008020121A9A4215D2638F994204D8D6F83D
:109D20008420121A9A420DD2A38F994204D8D6F8F1
:109D30008820121A9A4205D2E38F994236D9BCF193
:109D4000000F3DD10120E872E97AB5F8580011B949
:109D5000AA8A012A03D020B9EA8A012A01D1012264
:109D6000AA73012918BF01280AD1297B01200029E3
:109D7000A87218BF70BDA96B0131A963287370BDAB
:109D8000A87B01280AD1688A411CC828698209D3A6
:109D90000020A8726882A87370BD00BF0020A8725E
:109DA000287370BD0120A87270BD00BFD6F88C105A
:109DB000081A0021984238BF012111EA0C0FC1D0C6
:109DC0000020E872E97AB5F858000029C0D0C2E74F
:109DD00010B540F20000C2F200000068002818BF71
:109DE000052801D110BD00BF02281BD140F2483127
:109DF000C2F2000140F2EC320B8B0020C2F20002F2
:109E000010605A1C652B0A8307D308830020C4F214
:109E100002204FF40071F7F7ADFDBDE8104000F0EF
:109E20009BB800BF00240128C4F202241ED140F2D6
:109E30006050C2F200000078C0B1FFF785FE40F22A
:109E40004830C2F20000807A01280FD120464FF43A
:109E500000710022F7F796FD04F580604FF4005181
:109E60000022BDE81040F7F78DBD00BF20464FF43B
:109E700000710122F7F786FD04F580604FF4005170
:109E80000122BDE81040F7F77DBD000080B540F22B
:109E9000D400C2F2000040F2000EC2F2000E0168CF
:109EA000DEF800000129CEF8040003D00023CEF82C
:109EB00000301CE040F2483CC2F2000CDCF81C30E0
:109EC000002B18BF80BD431E18BF0123021F18BFFF
:109ED0000122134214D140F2EC32C2F200021268A5
:109EE000012A0DD10223CEF80030984218D1012961
:109EF00018BF002800D180BDBDE8804000F0EEBB57
:109F0000022811D1DCF82020012A0DD101230022E2
:109F1000CEF80030CCF82020CCE90B229842E6D0D5
:109F2000BDE8804000F0CEBB40F22C22C2F200021D
:109F30001368012808BF012B0AD0042808BF002B92
:109F4000D9D10123CEF800309842D0D0E8E700BF45
:109F50000420CEF8000080BD2DE9F04F87B040F21C
:109F6000483BC2F2000BDBF82C0090BBDBF8400052
:109F7000092819D80BF1500000F090FB48BB40F2C3
:109F80003441C2F20001BBF850000A6C824220D872
:109F9000C96B81421DD9DBF82410DBF8402008444E
:109FA000CBF82400501C12E0DBF82410B1FBF0F0D9
:109FB00040F23441C2F20001CBF82400486300F0C3
:109FC00057FE0120CBF82C000020CBF82400CBF862
:109FD0004000DBF83000002840F04A82DBF83C000B
:109FE0000A2880F06B8140F65414C2F2000440F25B
:109FF000EC1004F12002C2F200002146FCF7F4FD4F
:10A00000012840F0358240F23440C2F20000C16CB9
:10A01000228CC06B914211D890420FD340F6940C21
:10A0200040F6D406C2F2000CC2F20006DCF8007062
:10A03000336801371A44CCF800703260628C914268
:10A0400011D890420FD340F6940C40F6D406C2F2D9
:10A05000000CC2F20006DCF80470736801371A4481
:10A06000CCF804707260A28C914211D890420FD348
:10A0700040F6940C40F6D406C2F2000CC2F2000680
:10A08000DCF80870B36801371A44CCF80870B26085
:10A09000E28C914211D890420FD340F6940C40F6D6
:10A0A000D406C2F2000CC2F20006DCF80C70F368B1
:10A0B00001371A44CCF80C70F260228D914211D80D
:10A0C00090420FD340F6940C40F6D406C2F2000C36
:10A0D000C2F20006DCF81070336901371A44CCF87C
:10A0E00010703261628D914211D890420FD340F6C8
:10A0F000940C40F6D406C2F2000CC2F20006DCF862
:10A100001470736901371A44CCF814707261A28D0F
:10A11000914211D890420FD340F6940C40F6D406E9
:10A12000C2F2000CC2F20006DCF81870B369013705
:10A130001A44CCF81870B261E28D914211D8904265
:10A140000FD340F6940C40F6D406C2F2000CC2F2D3
:10A150000006DCF81C70F36901371A44CCF81C7057
:10A16000F261228E914211D890420FD340F6940CA6
:10A1700040F6D406C2F2000CC2F20006DCF82070F1
:10A18000336A01371A44CCF820703262628E9142F1
:10A1900011D890420FD340F6940C40F6D406C2F288
:10A1A000000CC2F20006DCF82470736A01371A440E
:10A1B000CCF824707262A28E914211D890420FD3D3
:10A1C00040F6940C40F6D406C2F2000CC2F200062F
:10A1D000DCF82870B36A01371A44CCF82870B262F0
:10A1E000E28E914211D890420FD340F6940C40F683
:10A1F000D406C2F2000CC2F20006DCF82C70F36A3E
:10A2000001371A44CCF82C70F262228F914211D897
:10A2100090420FD340F6940C40F6D406C2F2000CE4
:10A22000C2F20006DCF83070336B01371A44CCF808
:10A2300030703263628F914211D890420FD340F652
:10A24000940C40F6D406C2F2000CC2F20006DCF810
:10A250003470736B01371A44CCF834707263A28F78
:10A26000914211D890420FD340F6940C40F6D40698
:10A27000C2F2000CC2F20006DCF83870B36B013792
:10A280001A44CCF83870B263E28F91420FD89042F2
:10A290000DD340F69400C2F2000040F6D403C16B27
:10A2A000C2F20003DF6B0131C163B818D863DBF879
:10A2B0003C000130CBF83C00DAE000BF40F69407E8
:10A2C000C2F200073A6840F6D400C2F200001AB1A8
:10A2D0000168B1FBF2F101607B681BB14168B1FB21
:10A2E000F3F14160BC681CB18168B1FBF4F181609D
:10A2F000FE681EB1C168B1FBF6F1C16006923A6911
:10A300001AB10169B1FBF2F10161D7F814A003920F
:10A31000BAF1000F03D04169B1FBFAF141611A466D
:10A32000BB691BB18169B1FBF3F181610093FB69EA
:10A330001BB1C169B1FBF3F1C1613D6A1DB1016A95
:10A34000B1FBF5F10162D7F824E0CDE90154BEF18B
:10A35000000FCDE9043603D0416AB1FBFEF1416242
:10A36000D7F828C01346BCF1000F03D0816AB1FBB7
:10A37000FCF18162FD6A1DB1C16AB1FBF5F1C162F8
:10A38000396B19B1066BB6FBF1F60663D7F834905A
:10A39000B9F1000F03D0466BB6FBF9F64663D7F868
:10A3A0003880B8F1000F03D0866BB6FBF8F68663F1
:10A3B000FF6B1FB1C66BB6FBF7F6C663002B65D00B
:10A3C000BAF1000F67D0009BBEF1000F69D0B9F160
:10A3D000000F6BD0029A002A6DD0002B6FD0BCF119
:10A3E000000F71D0DDE90463019CB8F1000F74D057
:10A3F000069A002A77D0039A002A7AD0002C7DD0C2
:10A40000002900F08080002B00F08280002E00F0F8
:10A410008480002D00F08680002F00F08880D0E935
:10A42000002340F23441C2F200010A6582684B65A4
:10A43000C3688A650269CB6543690A6682694B66AF
:10A44000C3698A66026ACB66436A0A67826A4B6797
:10A45000C36A8A67026BCB67436BC1E92023D0E9EB
:10A460000E20C1E9222000F003FC0120CBF83000CF
:10A47000DBF82C00012806D1DBF83000012804BFEE
:10A480000120CBF8200007B0BDE8F08F836843605F
:10A49000BAF1000F97D182694261009BBEF1000FB3
:10A4A00095D1826A4262B9F1000F93D1826B426307
:10A4B000029A002A91D142688260002B8FD14269B2
:10A4C0008261BCF1000F8DD1426A8262DDE90463D2
:10A4D000019CB8F1000F7FF48BAF426B8263069A48
:10A4E000002A7FF488AF42680260039A002A7FF452
:10A4F00085AF42690261002C7FF482AF426A02623A
:10A5000000297FF480AF416B0163002B7FF47EAFA5
:10A510008168C160002E7FF47CAF8169C161002D2C
:10A520007FF47AAF816AC162002F7FF478AF816BCC
:10A53000C16374E780B54EF2180140F2D002CEF24A
:10A540000001C2F2000251F804CC12684DF6836398
:10A55000C4F21B33A2FB03239A0C00FB02F000237E
:10A5600000EB80004FEA400E086809E003449B1AA4
:10A57000824228BF63447345104628BF80BD00BF98
:10A580000A688242F2D10A688242EFD10A688242A6
:10A59000ECD10A688242F3D0E8E70000F6F734BF56
:10A5A00040F24831C2F20001887A012822D180B5F8
:10A5B0000020088240F22820C2F2000040F2292C3C
:10A5C0000A7F0078C2F2000C9CF8003002F0F70E0F
:10A5D000022881F81CE008BF042B2DD0032808BFF7
:10A5E000042B33D001284FF0000008BF042B3DD0CE
:10A5F00080BD00BF40F22820C2F200000278002097
:10A60000012AA1F80F0030D140F22922C2F2000243
:10A610001378042B18BF7047487C132805D8431CB7
:10A620004B740123092813701AD3087F40F00800E7
:10A630000877012008827047002002F0F302C873F7
:10A640000A7704218CF8001080BD00BF0020C87379
:10A6500002F0F5020A7704218CF8001080BD00BFDB
:10A66000087F00F0F700087700207047CB7B0120BF
:10A670008CF8000003F1010C5FFA8CF30A2B81F8CF
:10A680000FC005D34EF0020208740A7780BD00BFE8
:10A6900002F0F5000877002080BD000040F2BC51B8
:10A6A000C2F200010A885AB18B884BB1B1F802C0DE
:10A6B000C9880280A0F802C08380C1800020704752
:10A6C0000120704740F6000040F2D801C2F20000BD
:10A6D000C2F2000109220A23FAF7B0BE40F60000D8
:10A6E00040F2E101C2F20000C2F2000109220A2395
:10A6F000FAF7A4BE002000217047000080B584B0A6
:10A700009C460B4664210291410040F24060009259
:10A71000C2F200001A460223CDF804C0F7F7E0F9B0
:10A72000002818BF4FF0FF3004B080BD80B584B062
:10A730009C460B4664210291410040F24060009229
:10A74000C2F200001A460223CDF804C0F7F7E6FA79
:10A75000002818BF4FF0FF3004B080BDFDF71ABBD2
:10A7600086B0CF480DF1080C0190CDA0031D0ECB93
:10A77000006940F200488CE80E00C4F202280590FF
:10A78000F7F7D6FCFDF702FAFCF740F8FBF7F6FF07
:10A79000FCF7F2F8FCF71EF94FF47A70F6F734FE86
:10A7A000FCF7B2F8FDF7ACFAFCF790F900F01EFAEE
:10A7B000FCF7F4F8FCF7D0F940F60007C2F2000706
:10A7C0003846F9F7F1FEFBF7F3FF4046102100226F
:10A7D0000024F7F7D7F8A8F5806528464FF4807174
:10A7E0000022F7F7CFF84FF4FA70F6F70DFE404667
:10A7F00010210122F7F7C6F828464FF48071012294
:10A80000F7F7C0F84FF4FA70F6F7FEFD40F29466E1
:10A81000C2F200063046F7F777FC4FF47A70F6F78D
:10A82000F3FD3046F7F770FCFCF796F9FCF730FBC8
:10A83000FFF748FF40F29426C2F200063846314640
:10A840001E22B483C6E90044C6E90244C6E90444B2
:10A85000B461FAF707FC38680022016841F0100182
:10A86000016040462021F7F78DF840F2D86006F1EC
:10A870001E01C2F200001E224FF4C873FAF76EFBED
:10A88000002840F005810122002009E0122800F193
:10A8900003004FF0000238BF0122152800F080802D
:10A8A00031188B7FAC2B23D1CB7F012B20D191F89A
:10A8B0002030122B1CD191F82130232B18D191F884
:10A8C0002230342B14D191F82330452B10D191F83C
:10A8D0002430562B0CD191F82530672B08D191F8F4
:10A8E0002630782B04D191F82730892B58D000BF1F
:10A8F000CA7FAC2A24D191F82020012A20D191F8D6
:10A900002120122A1CD191F82220232A18D191F853
:10A910002320342A14D191F82420452A10D191F80B
:10A920002520562A0CD191F82620672A08D191F8C3
:10A930002720782A04D191F82820892A32D000BF14
:10A9400091F82020AC2AA1D191F82120012A9DD193
:10A9500091F82220122A99D191F82320232A7FF4FA
:10A9600095AF91F82420342A7FF490AF91F82520F8
:10A97000452A7FF48BAF91F82620562A7FF486AFC4
:10A9800091F82720672A7FF481AF91F82820782A50
:10A990007FF47CAF91F8291089297FF477AF01E02B
:10A9A000D00775D040F2FC16C2F2000630780128BC
:10A9B00073D13220F6F728FD404620210122F6F718
:10A9C000E1FF40F2D860C2F2000001A91422052381
:10A9D000FAF734FD4046202100220024F6F7D2FF8A
:10A9E0003078012859D140F29466C2F20006304610
:10A9F000F7F78AFB28464FF400710022F6F7C2FFF2
:10AA000000F0C6FBFFF7AAFE404620210022F6F721
:10AA1000B9FF40F62220C2F20000008840F618215B
:10AA2000C2F20001014440F2D860C2F200000122EB
:10AA3000FAF76EFB404608210022F6F7A3FF40F22A
:10AA4000B630C2F20000008840F2C931C2F2000103
:10AA5000014440F26C70C2F200000122FAF758FB88
:10AA600040F2283540F23037C2F20005C2F200074A
:10AA70002868012802D12C6000F094FB3868012876
:10AA8000F6D13C60FFF71EFE3046F7F73DFBEFE7DF
:10AA900040F2FC10C2F20000047000F00BF800BF9E
:10AAA000CCCFCFCF00010203CFCF040506CFCF0715
:10AAB0000809CFCF40F20044C4F20224FBF7C0FFE4
:10AAC000FCF704F820464FF4005100220026F6F768
:10AAD00059FFA4F580604FF400710122F6F752FF90
:10AAE00040F29469C2F200094846F7F70DFB0220D4
:10AAF000FFF720FD204608210022F6F743FF022041
:10AB0000FFF718FD40F26C7040F69811C2F2000099
:10AB1000C2F200010122FAF7FBFAFCF7BFFF40F294
:10AB2000344B40F2203440F2243540F2283740F2D2
:10AB30002C3840F2303AC2F2000BC2F20004C2F2EA
:10AB40000005C2F20007C2F20008C2F2000A00BF0C
:10AB5000DBF80400222817D01128F9D12068012839
:10AB600008BF26602868012802D12E6000F0E2F8B4
:10AB70003868012828D13E60FEF768FFF5F79CFE93
:10AB800000F05CF920E000BF2068012808BF2660C3
:10AB90002868012812D140F20040C4F202204FF48C
:10ABA00080512E60F6F7E0FEB0FA80F040F260517E
:10ABB0004009C2F200010870FFF70AF9386801285D
:10ABC00002D13E60FFF762F9D8F80000012808BF03
:10ABD000C8F80060DAF800000128B9D1CAF80060AE
:10ABE000FFF770FD4846F7F78FFAB1E7B0B54EF2C0
:10ABF0000004C0F60004204600F088F9013011D0AE
:10AC000040F2C845C2F2000520462946262200F03F
:10AC10004BF940F23440C2F2000029469422F5F785
:10AC20006AFBB0BD40F2344040F23C01C2F2000089
:10AC3000C2F200019422F5F75EFBBDE8B04000F0DF
:10AC400017B8000080B54EF20000C0F6000000F01A
:10AC50005DF940F2344040F23C01C2F20000C2F221
:10AC600000019422F5F747FBBDE88040AFF3008078
:10AC70002DE9F04140F2C84840F23445C2F20008E4
:10AC8000C2F20005404629469422F5F734FBD5E987
:10AC900000C105F10807DCCFE8696144114419449B
:10ACA00021443144394405F1200700EB010C8ECFDB
:10ACB000D5E90C64614411441944D5E90E0E3944B8
:10ACC0003144214405F1400708448ECF0EEB000CBF
:10ACD0006144D5E9146411441944D5E9160E394488
:10ACE0003144214405F1600708448ECF0EEB000C7F
:10ACF0006144D5E91C6411441944D5E91E0E394458
:10AD00003144214405F1800708448ECF7044084443
:10AD10001044D5F890601844384433184EF20000BF
:10AD2000C0F6000041462622C8F89430BDE8F04144
:10AD300000F0EEB8B0B540F20000C2F200000068CA
:10AD4000052818BF002809D10020C4F202204FF4C2
:10AD500000710022BDE8B040F6F714BE40F248355D
:10AD60000228C2F200050FD1296A69B940F22820F1
:10AD7000C2F20000007800F0FD00012840D1BDE8DB
:10AD8000B040F5F7AFBC00BF40F244230228C2F246
:10AD9000000311D1196801290ED100200024C4F24A
:10ADA00002204FF400711C60F6F7E4FD6C64BDE80E
:10ADB000B040F5F729BB00BF042833D0012818BFE5
:10ADC000B0BD00200024C4F202241860FCF78AFA07
:10ADD000FFF7E6FB287C012814D0A87A012811D1BE
:10ADE00020464FF400710022F6F7CCFD04F5806098
:10ADF0004FF400510022BDE8B040F6F7C3BD00BFDC
:10AE0000B0BD00BF20464FF400710122F6F7BAFD35
:10AE100004F580604FF400510122BDE8B040F6F720
:10AE2000B1BD00BF00250020C4F202204FF4007124
:10AE300001221D60BDE8B040F6F7A4BD40F2D40188
:10AE4000C2F2000140F20000C2F200000A6801688C
:10AE5000012A40F2483241601CBF00210160C2F269
:10AE60000002D269002A04BF0121016040F22C22B5
:10AE7000C2F200021268012908BF012A04D0042985
:10AE800008BF002A04D0704704210160704700BF4A
:10AE90000121016070470000C2B20020C4F202200C
:10AEA0004FF40041F6F76EBD002A08BF704710B599
:10AEB00002F0030C93084FF0000212D0A2EB830EB5
:10AEC000A1F110030468043A43F8104F4468964512
:10AED0005C6084689C60C46800F11000DC60F1D1A3
:10AEE0005242BCF1000F0ED00368BCF1010F41F8D3
:10AEF000223008D0436801EB8201BCF1020F4B60A5
:10AF00001CBF80688860BDE81040704700687047CB
:10AF10002DE9F04F87B0814600F17840B0F5001F71
:10AF20004FF00000CDE90400CDE9020000F2DD8021
:10AF300019F0030040F0D980002614460D46C0F6F3
:10AF40000106F7F763F8F6F7A7FB4FF60C00C0F61B
:10AF5000FF000088314638B14FF6FF718842314614
:10AF60001CBF410201F1006109EB8407894507D24A
:10AF7000C9F34831B7F1006F019135D24AE000BF03
:10AF8000314638B14FF6FF71884231461CBF41024D
:10AF900001F10061894521D306F5803130B14FF6CA
:10AFA000FF7290421CBF810201F10061894515D2F8
:10AFB0004FF60061C0F23F0101EA09014FF480320F
:10AFC00020B14FF6FF73984218BF4202891A490B0D
:10AFD000B7F1006F01911DD306E000BF4FF0FF31C4
:10AFE000B7F1006F019115D3314638B14FF6FF71BB
:10AFF000884231461CBF410201F100618F4209D2F3
:10B000004BF6FF71C0F2070101EA5731324678BBB7
:10B0100036E000BF314638B14FF6FF718842314605
:10B020001CBF410201F100618F421DD306F5803142
:10B0300030B14FF6FF7290421CBF810201F10061F6
:10B040008F4211D24FF60061CFF2FF7139404FF4B9
:10B05000803220B14FF6FF73984218BF4202891A1E
:10B06000490B324620B90BE04FF0FF31324638B180
:10B070004FF6FF72904232461CBF420202F100625C
:10B08000914503D24FF0010820E000BF50B14FF6C8
:10B09000FF72904232461CBF420202F100629145AB
:10B0A00003D211E0324691450ED306F5803230B11D
:10B0B0004FF6FF7398421CBF800200F10062914579
:10B0C00002D24FF0020801E04FF0FF38701E8145B8
:10B0D0004FF0010038BFB9450AD3002818BF002C33
:10B0E0002AD1F6F73BFAF6F7B3FF07B0BDE8F08FC9
:10B0F00001980DF1180B081A00F1010A00204E46C4
:10B1000003E000BF0436BE420FD231680131F9D0EE
:10B110000420CDE9020801985946CDE9040A02A8A5
:10B12000F6F786F90028EED10020B0FA80F0400949
:10B13000002818BF002CD4D0022049462A46F6F732
:10B140001BFA09F10409013C05F10405F4D1C8E733
:10B1500080B5FFF7B7FAFFF7B5FAFFF7B3FA40F299
:10B16000BC51C2F200010888002804BF002080BD45
:10B1700040F20C028988C2F200021072000A50727A
:10B18000080A9172D072FFF7A9FA012080BD000071
:10B1900040F20040C4F202204FF400510022F6F7C2
:10B1A000F1BB000010B540F2C654C2F20004207892
:10B1B000002818BF10BD40F20040C4F202204FF436
:10B1C0008051F6F7D1FB0138B0FA80F040092070C9
:10B1D00010BD0000F0B581B040F22027C2F2000798
:10B1E0003888002874D040F2F434C2F2000440F2EF
:10B1F000EC1604F12005C2F2000600BF01303880D1
:10B20000304621462A46FBF7EFFCC1B2012902D0A5
:10B2100038880028F2D101294FF0000059D1228E40
:10B220004FF6E75C511E8BB20027634534BF012700
:10B230000246668E95B2721E91B20122634538BFF6
:10B240000222614528BF0646A18E28BF3A4615FA5C
:10B2500086F34E1EB6B2664528BF0146E78E38BF5C
:10B26000013213FA81F17B1E9BB2634528BF07466A
:10B27000238F38BF013211FA87F15F1EBFB26745D5
:10B2800028BF0346678F38BF013211FA83F17B1E56
:10B290009BB2634528BF0746A38F38BF013211FA1E
:10B2A00087F15F1EBFB2674528BF0346E78F38BFEF
:10B2B000013211FA83F17B1E9BB2634538BF3846D9
:10B2C00011FA80F038BF0132B0FBF2F001E000BFAC
:10B2D000002040F20C01C2F20001020AA1F81100A4
:10B2E00048738A73C87301200A7401B0F0BD02E08C
:10B2F00008C8121F08C1002AFAD170477047002001
:10B3000001E001C1121F002AFBD1704700000000BC
:10B310000000000001020304060708090000000005
:10B3200001020304010002000400060008000A00F4
:10B330000C001000200040008000000100C181408E
:10B3400001C0804101C0804100C1814001C08041F5
:10B3500000C1814000C1814001C0804101C08041E5
:10B3600000C1814000C1814001C0804100C18140D5
:10B3700001C0804101C0804100C1814001C08041C5
:10B3800000C1814000C1814001C0804100C18140B5
:10B3900001C0804101C0804100C1814000C18140A5
:10B3A00001C0804101C0804100C1814001C0804195
:10B3B00000C1814000C1814001C0804101C0804185
:10B3C00000C1814000C1814001C0804100C1814075
:10B3D00001C0804101C0804100C1814000C1814065
:10B3E00001C0804101C0804100C1814001C0804155
:10B3F00000C1814000C1814001C0804100C1814045
:10B4000001C0804101C0804100C1814001C0804134
:10B4100000C1814000C1814001C0804101C0804124
:10B4200000C1814000C1814001C0804100C1814014
:10B4300001C0804101C0804100C1814000C0C10104
:10B44000C30302C2C60607C705C5C404CC0C0DCD94
:10B450000FCFCE0E0ACACB0BC90908C8D81819D904
:10B460001BDBDA1A1EDEDF1FDD1D1CDC14D4D51534
:10B47000D71716D6D21213D311D1D010F03031F124
:10B4800033F3F23236F6F737F53534F43CFCFD3D54
:10B49000FF3F3EFEFA3A3BFB39F9F83828E8E92944
:10B4A000EB2B2AEAEE2E2FEF2DEDEC2CE42425E5F4
:10B4B00027E7E62622E2E323E12120E0A06061A164
:10B4C00063A3A26266A6A767A56564A46CACAD6D14
:10B4D000AF6F6EAEAA6A6BAB69A9A86878B8B97984
:10B4E000BB7B7ABABE7E7FBF7DBDBC7CB47475B5B4
:10B4F00077B7B67672B2B373B17170B050909151A4
:10B500009353529296565797559594549C5C5D9DD3
:10B510005F9F9E5E5A9A9B5B9959589888484989C3
:10B520004B8B8A4A4E8E8F4F8D4D4C8C4484854573
:10B53000874746868242438341818040010101035F
:10B5400007010000080402040801010170B50008A9
:10B550000000002028020000AC030008D8B6000854
:10B5600028020020900E0000FEB20008000000003B
:10B5700032011AFF01120112060312CC1F0312CC72
:10B580002F29345A10093222325223FC0832C84B78
:10B59000A00F08E9102378055A64181A2C382918C6
:10B5A00029086924290C291C093A04512C90D0033C
:10B5B000A02CA50320071B026E09320213466E0061
:10B5C000FF0091E3720796E4750E9FED7C0998EAFF
:10B5D0007B1C8DFF6E1B8AF8691283F1601584F65F
:10B5E0006738A9DB4A3FAEDC4D36A7D54431A0D23F
:10B5F0004324B5C75623B2C0512ABBC9582DBCCE6F
:10B600005F70E1930277E694057EEF9D0C79E89AEE
:10B610000B6CFD8F1E6BFA881962F3811065F4863E
:10B620001748D9AB3A4FDEAC3D46D7A53441D0A23E
:10B630003354C5B72653C2B0215ACBB9285DCCBE0E
:10B640002FE0710392E7760495EE7F0D9CE9780A6E
:10B650009BFC6D1F8EFB6A1889F2631180F56416DE
:10B6600087D8493BAADF4E3CADD64735A4D14032FE
:10B67000A3C45527B6C35220B1CA5B29B8CD5C2EEE
:10B68000BF900173E2970674E59E0F7DEC99087AEE
:10B69000EB8C1D6FFE8B1A68F9821361F0851466BE
:10B6A000F7A8394BDAAF3E4CDDA63745D4A130427E
:10B6B000D3B42557C6B32250C1BA2B59C8BD2C5E8E
:10B6C00022CF1399AE4208725B021301A91423D052
:08B6D00007720A0000000000EF
:040000050800025994
:00000001FF
